tID,tideID,high_start_time,high_start_type,high_start_level,low_time,low_type,low_level,high_end_time,high_end_type,high_end_level
1,2023001,2023-01-01T02:40:00Z,HH,146,2023-01-01T09:20:00Z,HL,-22,2023-01-01T15:00:00Z,LH,83
2,2023002,2023-01-01T15:00:00Z,LH,83,2023-01-01T21:40:00Z,LL,-77,2023-01-02T04:30:00Z,HH,109
3,2023003,2023-01-02T04:30:00Z,HH,109,2023-01-02T10:20:00Z,HL,-49,2023-01-02T16:30:00Z,LH,95
4,2023004,2023-01-02T16:30:00Z,LH,95,2023-01-02T23:00:00Z,LL,-51,2023-01-03T05:10:00Z,HH,110
5,2023005,2023-01-03T05:10:00Z,HH,110,2023-01-03T11:30:00Z,HL,-74,2023-01-03T17:30:00Z,LH,63
6,2023006,2023-01-03T17:30:00Z,LH,63,2023-01-03T23:50:00Z,LL,-77,2023-01-04T06:20:00Z,LH,106
7,2023007,2023-01-04T06:20:00Z,LH,106,2023-01-04T12:00:00Z,HL,-20,2023-01-04T19:00:00Z,HH,148
8,2023008,2023-01-04T19:00:00Z,HH,148,2023-01-05T00:40:00Z,HL,-7,2023-01-05T06:50:00Z,HH,147
9,2023009,2023-01-05T06:50:00Z,HH,147,2023-01-05T13:20:00Z,LL,-51,2023-01-05T19:30:00Z,LH,105
10,2023010,2023-01-05T19:30:00Z,LH,105,2023-01-06T01:50:00Z,LL,-90,2023-01-06T08:10:00Z,LH,81
11,2023011,2023-01-06T08:10:00Z,LH,81,2023-01-06T14:10:00Z,HL,-73,2023-01-06T20:20:00Z,HH,135
12,2023012,2023-01-06T20:20:00Z,HH,135,2023-01-07T02:20:00Z,HL,-36,2023-01-07T08:10:00Z,HH,113
13,2023013,2023-01-07T08:10:00Z,HH,113,2023-01-07T14:50:00Z,LL,-94,2023-01-07T21:00:00Z,LH,88
14,2023014,2023-01-07T21:00:00Z,LH,88,2023-01-08T03:00:00Z,LL,-66,2023-01-08T09:10:00Z,LH,109
15,2023015,2023-01-08T09:10:00Z,LH,109,2023-01-08T15:00:00Z,HL,-56,2023-01-08T21:30:00Z,HH,145
16,2023016,2023-01-08T21:30:00Z,HH,145,2023-01-09T03:40:00Z,LL,-34,2023-01-09T09:40:00Z,LH,149
17,2023017,2023-01-09T09:40:00Z,LH,149,2023-01-09T15:50:00Z,HL,-26,2023-01-09T21:50:00Z,HH,161
18,2023018,2023-01-09T21:50:00Z,HH,161,2023-01-10T04:30:00Z,HL,-48,2023-01-10T10:00:00Z,HH,95
19,2023019,2023-01-10T10:00:00Z,HH,95,2023-01-10T16:20:00Z,LL,-85,2023-01-10T22:20:00Z,LH,93
20,2023020,2023-01-10T22:20:00Z,LH,93,2023-01-11T04:40:00Z,LL,-73,2023-01-11T11:00:00Z,LH,95
21,2023021,2023-01-11T11:00:00Z,LH,95,2023-01-11T16:40:00Z,HL,-37,2023-01-11T22:40:00Z,HH,177
22,2023022,2023-01-11T22:40:00Z,HH,177,2023-01-12T05:10:00Z,HL,-25,2023-01-12T11:20:00Z,LH,121
23,2023023,2023-01-12T11:20:00Z,LH,121,2023-01-12T17:00:00Z,LL,-41,2023-01-12T23:40:00Z,HH,147
24,2023024,2023-01-12T23:40:00Z,HH,147,2023-01-13T05:30:00Z,LL,-15,2023-01-13T12:00:00Z,LH,134
25,2023025,2023-01-13T12:00:00Z,LH,134,2023-01-13T17:50:00Z,HL,17,2023-01-13T23:10:00Z,HH,176
26,2023026,2023-01-13T23:10:00Z,HH,176,2023-01-14T06:50:00Z,LL,-54,2023-01-14T13:10:00Z,LH,64
27,2023027,2023-01-14T13:10:00Z,LH,64,2023-01-14T18:20:00Z,HL,-52,2023-01-15T01:10:00Z,LH,133
28,2023028,2023-01-15T01:10:00Z,LH,133,2023-01-15T06:50:00Z,LL,6,2023-01-15T13:10:00Z,HH,171
29,2023029,2023-01-15T13:10:00Z,HH,171,2023-01-15T19:00:00Z,HL,18,2023-01-16T00:40:00Z,HH,150
30,2023030,2023-01-16T00:40:00Z,HH,150,2023-01-16T08:30:00Z,LL,-66,2023-01-16T14:00:00Z,LH,70
31,2023031,2023-01-16T14:00:00Z,LH,70,2023-01-16T19:50:00Z,HL,-46,2023-01-17T02:40:00Z,HH,137
32,2023032,2023-01-17T02:40:00Z,HH,137,2023-01-17T09:20:00Z,LL,-37,2023-01-17T15:20:00Z,LH,100
33,2023033,2023-01-17T15:20:00Z,LH,100,2023-01-17T21:30:00Z,HL,-35,2023-01-18T03:20:00Z,LH,115
34,2023034,2023-01-18T03:20:00Z,LH,115,2023-01-18T10:00:00Z,LL,-43,2023-01-18T16:10:00Z,HH,124
35,2023035,2023-01-18T16:10:00Z,HH,124,2023-01-18T22:50:00Z,HL,-13,2023-01-19T05:00:00Z,HH,147
36,2023036,2023-01-19T05:00:00Z,HH,147,2023-01-19T11:50:00Z,LL,-44,2023-01-19T17:50:00Z,LH,102
37,2023037,2023-01-19T17:50:00Z,LH,102,2023-01-20T00:10:00Z,HL,-70,2023-01-20T06:20:00Z,HH,111
38,2023038,2023-01-20T06:20:00Z,HH,111,2023-01-20T12:50:00Z,LL,-73,2023-01-20T18:40:00Z,LH,94
39,2023039,2023-01-20T18:40:00Z,LH,94,2023-01-21T01:30:00Z,HL,-107,2023-01-21T07:20:00Z,LH,76
40,2023040,2023-01-21T07:20:00Z,LH,76,2023-01-21T13:50:00Z,LL,-119,2023-01-21T19:50:00Z,HH,77
41,2023041,2023-01-21T19:50:00Z,HH,77,2023-01-22T02:30:00Z,HL,-138,2023-01-22T08:20:00Z,LH,62
42,2023042,2023-01-22T08:20:00Z,LH,62,2023-01-22T15:00:00Z,LL,-140,2023-01-22T20:40:00Z,HH,79
43,2023043,2023-01-22T20:40:00Z,HH,79,2023-01-23T03:30:00Z,LL,-144,2023-01-23T09:20:00Z,LH,62
44,2023044,2023-01-23T09:20:00Z,LH,62,2023-01-23T15:40:00Z,HL,-141,2023-01-23T21:40:00Z,HH,83
45,2023045,2023-01-23T21:40:00Z,HH,83,2023-01-24T04:20:00Z,LL,-146,2023-01-24T10:10:00Z,LH,64
46,2023046,2023-01-24T10:10:00Z,LH,64,2023-01-24T16:30:00Z,HL,-129,2023-01-24T22:20:00Z,HH,100
47,2023047,2023-01-24T22:20:00Z,HH,100,2023-01-25T05:10:00Z,LL,-133,2023-01-25T11:00:00Z,LH,66
48,2023048,2023-01-25T11:00:00Z,LH,66,2023-01-25T17:20:00Z,HL,-115,2023-01-25T23:00:00Z,HH,128
49,2023049,2023-01-25T23:00:00Z,HH,128,2023-01-26T06:00:00Z,HL,-101,2023-01-26T11:30:00Z,LH,67
50,2023050,2023-01-26T11:30:00Z,LH,67,2023-01-26T18:00:00Z,LL,-120,2023-01-26T23:40:00Z,HH,97
51,2023051,2023-01-26T23:40:00Z,HH,97,2023-01-27T06:50:00Z,HL,-125,2023-01-27T12:00:00Z,LH,31
52,2023052,2023-01-27T12:00:00Z,LH,31,2023-01-27T18:40:00Z,LL,-148,2023-01-28T00:40:00Z,HH,88
53,2023053,2023-01-28T00:40:00Z,HH,88,2023-01-28T07:10:00Z,HL,-100,2023-01-28T13:00:00Z,LH,55
54,2023054,2023-01-28T13:00:00Z,LH,55,2023-01-28T19:20:00Z,LL,-120,2023-01-29T01:30:00Z,HH,83
55,2023055,2023-01-29T01:30:00Z,HH,83,2023-01-29T08:00:00Z,LL,-93,2023-01-29T13:30:00Z,LH,58
56,2023056,2023-01-29T13:30:00Z,LH,58,2023-01-29T19:40:00Z,HL,-73,2023-01-30T02:20:00Z,LH,138
57,2023057,2023-01-30T02:20:00Z,LH,138,2023-01-30T07:50:00Z,HL,28,2023-01-30T13:40:00Z,HH,165
58,2023058,2023-01-30T13:40:00Z,HH,165,2023-01-30T21:10:00Z,LL,-16,2023-01-31T02:50:00Z,LH,81
59,2023059,2023-01-31T02:50:00Z,LH,81,2023-01-31T09:20:00Z,LL,-70,2023-01-31T16:20:00Z,HH,85
60,2023060,2023-01-31T16:20:00Z,HH,85,2023-01-31T21:40:00Z,HL,10,2023-02-01T04:20:00Z,HH,161
61,2023061,2023-02-01T04:20:00Z,HH,161,2023-02-01T10:00:00Z,LL,25,2023-02-01T16:20:00Z,LH,151
62,2023062,2023-02-01T16:20:00Z,LH,151,2023-02-02T00:00:00Z,HL,-7,2023-02-02T05:20:00Z,HH,98
63,2023063,2023-02-02T05:20:00Z,HH,98,2023-02-02T12:10:00Z,LL,-80,2023-02-02T18:40:00Z,LH,73
64,2023064,2023-02-02T18:40:00Z,LH,73,2023-02-03T00:50:00Z,LL,-70,2023-02-03T07:20:00Z,LH,107
65,2023065,2023-02-03T07:20:00Z,LH,107,2023-02-03T13:00:00Z,HL,-24,2023-02-03T18:50:00Z,HH,160
66,2023066,2023-02-03T18:50:00Z,HH,160,2023-02-04T02:00:00Z,HL,-73,2023-02-04T07:40:00Z,LH,51
67,2023067,2023-02-04T07:40:00Z,LH,51,2023-02-04T14:00:00Z,LL,-125,2023-02-04T20:00:00Z,HH,66
68,2023068,2023-02-04T20:00:00Z,HH,66,2023-02-05T02:10:00Z,LL,-108,2023-02-05T08:30:00Z,LH,87
69,2023069,2023-02-05T08:30:00Z,LH,87,2023-02-05T15:00:00Z,HL,-66,2023-02-05T20:30:00Z,HH,90
70,2023070,2023-02-05T20:30:00Z,HH,90,2023-02-06T03:10:00Z,LL,-131,2023-02-06T09:00:00Z,LH,48
71,2023071,2023-02-06T09:00:00Z,LH,48,2023-02-06T15:20:00Z,HL,-130,2023-02-06T21:10:00Z,HH,82
72,2023072,2023-02-06T21:10:00Z,HH,82,2023-02-07T04:00:00Z,HL,-119,2023-02-07T09:40:00Z,LH,65
73,2023073,2023-02-07T09:40:00Z,LH,65,2023-02-07T15:50:00Z,LL,-120,2023-02-07T21:40:00Z,HH,88
74,2023074,2023-02-07T21:40:00Z,HH,88,2023-02-08T04:20:00Z,HL,-122,2023-02-08T10:10:00Z,LH,58
75,2023075,2023-02-08T10:10:00Z,LH,58,2023-02-08T16:40:00Z,LL,-133,2023-02-08T22:20:00Z,HH,80
76,2023076,2023-02-08T22:20:00Z,HH,80,2023-02-09T04:30:00Z,LL,-110,2023-02-09T10:30:00Z,LH,93
77,2023077,2023-02-09T10:30:00Z,LH,93,2023-02-09T16:50:00Z,HL,-75,2023-02-09T22:50:00Z,HH,134
78,2023078,2023-02-09T22:50:00Z,HH,134,2023-02-10T05:20:00Z,HL,-76,2023-02-10T10:50:00Z,LH,71
79,2023079,2023-02-10T10:50:00Z,LH,71,2023-02-10T17:20:00Z,LL,-120,2023-02-10T23:10:00Z,HH,87
80,2023080,2023-02-10T23:10:00Z,HH,87,2023-02-11T05:40:00Z,HL,-81,2023-02-11T11:40:00Z,HH,96
81,2023081,2023-02-11T11:40:00Z,HH,96,2023-02-11T17:50:00Z,LL,-97,2023-02-11T23:40:00Z,LH,89
82,2023082,2023-02-11T23:40:00Z,LH,89,2023-02-12T06:20:00Z,HL,-109,2023-02-12T12:00:00Z,HH,51
83,2023083,2023-02-12T12:00:00Z,HH,51,2023-02-12T18:30:00Z,LL,-125,2023-02-13T00:20:00Z,HH,71
84,2023084,2023-02-13T00:20:00Z,HH,71,2023-02-13T06:50:00Z,HL,-109,2023-02-13T12:40:00Z,LH,50
85,2023085,2023-02-13T12:40:00Z,LH,50,2023-02-13T19:00:00Z,LL,-113,2023-02-14T00:50:00Z,HH,64
86,2023086,2023-02-14T00:50:00Z,HH,64,2023-02-14T07:20:00Z,HL,-105,2023-02-14T13:30:00Z,LH,47
87,2023087,2023-02-14T13:30:00Z,LH,47,2023-02-14T19:40:00Z,LL,-107,2023-02-15T02:00:00Z,HH,63
88,2023088,2023-02-15T02:00:00Z,HH,63,2023-02-15T08:20:00Z,LL,-89,2023-02-15T14:20:00Z,LH,52
89,2023089,2023-02-15T14:20:00Z,LH,52,2023-02-15T20:30:00Z,HL,-84,2023-02-16T03:20:00Z,LH,82
90,2023090,2023-02-16T03:20:00Z,LH,82,2023-02-16T09:30:00Z,HL,-52,2023-02-16T16:00:00Z,HH,89
91,2023091,2023-02-16T16:00:00Z,HH,89,2023-02-16T22:30:00Z,LL,-66,2023-02-17T04:50:00Z,LH,81
92,2023092,2023-02-17T04:50:00Z,LH,81,2023-02-17T11:10:00Z,LL,-38,2023-02-17T17:50:00Z,HH,123
93,2023093,2023-02-17T17:50:00Z,HH,123,2023-02-17T23:50:00Z,HL,-23,2023-02-18T05:40:00Z,HH,139
94,2023094,2023-02-18T05:40:00Z,HH,139,2023-02-18T12:30:00Z,LL,-45,2023-02-18T18:40:00Z,LH,91
95,2023095,2023-02-18T18:40:00Z,LH,91,2023-02-19T01:00:00Z,LL,-96,2023-02-19T07:40:00Z,LH,89
96,2023096,2023-02-19T07:40:00Z,LH,89,2023-02-19T13:50:00Z,HL,-91,2023-02-19T20:10:00Z,HH,107
97,2023097,2023-02-19T20:10:00Z,HH,107,2023-02-20T02:10:00Z,LL,-114,2023-02-20T08:30:00Z,LH,104
98,2023098,2023-02-20T08:30:00Z,LH,104,2023-02-20T14:30:00Z,HL,-48,2023-02-20T20:20:00Z,HH,180
99,2023099,2023-02-20T20:20:00Z,HH,180,2023-02-21T03:20:00Z,HL,-64,2023-02-21T09:10:00Z,LH,104
100,2023100,2023-02-21T09:10:00Z,LH,104,2023-02-21T15:30:00Z,LL,-111,2023-02-21T21:20:00Z,HH,110
101,2023101,2023-02-21T21:20:00Z,HH,110,2023-02-22T04:10:00Z,LL,-123,2023-02-22T10:00:00Z,LH,80
102,2023102,2023-02-22T10:00:00Z,LH,80,2023-02-22T16:10:00Z,HL,-108,2023-02-22T22:10:00Z,HH,141
103,2023103,2023-02-22T22:10:00Z,HH,141,2023-02-23T04:50:00Z,HL,-91,2023-02-23T10:20:00Z,LH,89
104,2023104,2023-02-23T10:20:00Z,LH,89,2023-02-23T17:10:00Z,LL,-120,2023-02-23T22:40:00Z,HH,111
105,2023105,2023-02-23T22:40:00Z,HH,111,2023-02-24T05:20:00Z,LL,-96,2023-02-24T11:20:00Z,LH,97
106,2023106,2023-02-24T11:20:00Z,LH,97,2023-02-24T17:20:00Z,HL,-77,2023-02-24T23:40:00Z,HH,169
107,2023107,2023-02-24T23:40:00Z,HH,169,2023-02-25T06:20:00Z,HL,-51,2023-02-25T11:30:00Z,HH,95
108,2023108,2023-02-25T11:30:00Z,HH,95,2023-02-25T18:10:00Z,LL,-115,2023-02-25T23:50:00Z,LH,88
109,2023109,2023-02-25T23:50:00Z,LH,88,2023-02-26T06:40:00Z,HL,-108,2023-02-26T12:20:00Z,HH,52
110,2023110,2023-02-26T12:20:00Z,HH,52,2023-02-26T18:50:00Z,LL,-135,2023-02-27T00:40:00Z,HH,65
111,2023111,2023-02-27T00:40:00Z,HH,65,2023-02-27T07:10:00Z,HL,-95,2023-02-27T12:50:00Z,LH,50
112,2023112,2023-02-27T12:50:00Z,LH,50,2023-02-27T19:20:00Z,LL,-122,2023-02-28T01:20:00Z,HH,44
113,2023113,2023-02-28T01:20:00Z,HH,44,2023-02-28T07:40:00Z,HL,-97,2023-02-28T13:50:00Z,LH,39
114,2023114,2023-02-28T13:50:00Z,LH,39,2023-02-28T20:00:00Z,LL,-98,2023-03-01T02:10:00Z,HH,42
115,2023115,2023-03-01T02:10:00Z,HH,42,2023-03-01T08:30:00Z,HL,-77,2023-03-01T14:50:00Z,LH,35
116,2023116,2023-03-01T14:50:00Z,LH,35,2023-03-01T21:20:00Z,LL,-93,2023-03-02T03:40:00Z,LH,24
117,2023117,2023-03-02T03:40:00Z,LH,24,2023-03-02T10:00:00Z,HL,-85,2023-03-02T16:20:00Z,HH,36
118,2023118,2023-03-02T16:20:00Z,HH,36,2023-03-02T23:20:00Z,LL,-103,2023-03-03T05:40:00Z,LH,31
119,2023119,2023-03-03T05:40:00Z,LH,31,2023-03-03T11:50:00Z,HL,-90,2023-03-03T18:00:00Z,HH,60
120,2023120,2023-03-03T18:00:00Z,HH,60,2023-03-04T00:40:00Z,LL,-96,2023-03-04T06:40:00Z,LH,57
121,2023121,2023-03-04T06:40:00Z,LH,57,2023-03-04T12:40:00Z,HL,-82,2023-03-04T18:50:00Z,HH,87
122,2023122,2023-03-04T18:50:00Z,HH,87,2023-03-05T01:30:00Z,LL,-92,2023-03-05T07:20:00Z,LH,64
123,2023123,2023-03-05T07:20:00Z,LH,64,2023-03-05T13:40:00Z,HL,-91,2023-03-05T19:40:00Z,HH,96
124,2023124,2023-03-05T19:40:00Z,HH,96,2023-03-06T02:10:00Z,HL,-94,2023-03-06T08:00:00Z,LH,74
125,2023125,2023-03-06T08:00:00Z,LH,74,2023-03-06T14:10:00Z,LL,-96,2023-03-06T20:30:00Z,HH,112
126,2023126,2023-03-06T20:30:00Z,HH,112,2023-03-07T02:30:00Z,HL,-54,2023-03-07T08:20:00Z,HH,124
127,2023127,2023-03-07T08:20:00Z,HH,124,2023-03-07T14:40:00Z,LL,-73,2023-03-07T20:40:00Z,LH,123
128,2023128,2023-03-07T20:40:00Z,LH,123,2023-03-08T03:20:00Z,HL,-92,2023-03-08T09:00:00Z,LH,78
129,2023129,2023-03-08T09:00:00Z,LH,78,2023-03-08T15:20:00Z,LL,-110,2023-03-08T21:20:00Z,HH,109
130,2023130,2023-03-08T21:20:00Z,HH,109,2023-03-09T03:40:00Z,HL,-95,2023-03-09T09:40:00Z,HH,99
131,2023131,2023-03-09T09:40:00Z,HH,99,2023-03-09T16:00:00Z,LL,-99,2023-03-09T21:40:00Z,LH,99
132,2023132,2023-03-09T21:40:00Z,LH,99,2023-03-10T04:20:00Z,LL,-112,2023-03-10T10:00:00Z,LH,82
133,2023133,2023-03-10T10:00:00Z,LH,82,2023-03-10T16:10:00Z,HL,-84,2023-03-10T22:20:00Z,HH,136
134,2023134,2023-03-10T22:20:00Z,HH,136,2023-03-11T04:50:00Z,HL,-88,2023-03-11T10:30:00Z,LH,84
135,2023135,2023-03-11T10:30:00Z,LH,84,2023-03-11T16:50:00Z,LL,-105,2023-03-11T22:40:00Z,HH,101
136,2023136,2023-03-11T22:40:00Z,HH,101,2023-03-12T05:20:00Z,LL,-110,2023-03-12T11:30:00Z,LH,70
137,2023137,2023-03-12T11:30:00Z,LH,70,2023-03-12T17:20:00Z,HL,-108,2023-03-12T23:20:00Z,HH,106
138,2023138,2023-03-12T23:20:00Z,HH,106,2023-03-13T05:10:00Z,LL,-64,2023-03-13T11:40:00Z,HH,128
139,2023139,2023-03-13T11:40:00Z,HH,128,2023-03-13T17:30:00Z,HL,-42,2023-03-13T23:50:00Z,LH,123
140,2023140,2023-03-13T23:50:00Z,LH,123,2023-03-14T06:10:00Z,LL,-28,2023-03-14T12:00:00Z,HH,152
141,2023141,2023-03-14T12:00:00Z,HH,152,2023-03-14T18:30:00Z,HL,-25,2023-03-15T00:20:00Z,HH,122
142,2023142,2023-03-15T00:20:00Z,HH,122,2023-03-15T06:40:00Z,HL,-59,2023-03-15T12:40:00Z,LH,88
143,2023143,2023-03-15T12:40:00Z,LH,88,2023-03-15T19:30:00Z,LL,-86,2023-03-16T01:20:00Z,HH,60
144,2023144,2023-03-16T01:20:00Z,HH,60,2023-03-16T07:30:00Z,HL,-86,2023-03-16T14:00:00Z,LH,44
145,2023145,2023-03-16T14:00:00Z,LH,44,2023-03-16T20:20:00Z,LL,-94,2023-03-17T03:00:00Z,LH,67
146,2023146,2023-03-17T03:00:00Z,LH,67,2023-03-17T08:50:00Z,HL,-37,2023-03-17T15:10:00Z,HH,97
147,2023147,2023-03-17T15:10:00Z,HH,97,2023-03-17T22:10:00Z,LL,-76,2023-03-18T04:40:00Z,LH,75
148,2023148,2023-03-18T04:40:00Z,LH,75,2023-03-18T11:00:00Z,HL,-66,2023-03-18T17:20:00Z,HH,86
149,2023149,2023-03-18T17:20:00Z,HH,86,2023-03-19T00:00:00Z,LL,-107,2023-03-19T06:20:00Z,LH,71
150,2023150,2023-03-19T06:20:00Z,LH,71,2023-03-19T12:30:00Z,HL,-85,2023-03-19T18:30:00Z,HH,107
151,2023151,2023-03-19T18:30:00Z,HH,107,2023-03-20T01:10:00Z,LL,-108,2023-03-20T07:10:00Z,LH,73
152,2023152,2023-03-20T07:10:00Z,LH,73,2023-03-20T13:20:00Z,HL,-99,2023-03-20T19:40:00Z,HH,110
153,2023153,2023-03-20T19:40:00Z,HH,110,2023-03-21T02:10:00Z,LL,-118,2023-03-21T08:10:00Z,LH,71
154,2023154,2023-03-21T08:10:00Z,LH,71,2023-03-21T14:20:00Z,HL,-117,2023-03-21T20:30:00Z,HH,115
155,2023155,2023-03-21T20:30:00Z,HH,115,2023-03-22T03:00:00Z,LL,-108,2023-03-22T09:00:00Z,LH,90
156,2023156,2023-03-22T09:00:00Z,LH,90,2023-03-22T15:00:00Z,HL,-102,2023-03-22T21:10:00Z,HH,127
157,2023157,2023-03-22T21:10:00Z,HH,127,2023-03-23T03:20:00Z,LL,-91,2023-03-23T09:40:00Z,LH,123
158,2023158,2023-03-23T09:40:00Z,LH,123,2023-03-23T15:40:00Z,HL,-82,2023-03-23T21:40:00Z,HH,140
159,2023159,2023-03-23T21:40:00Z,HH,140,2023-03-24T04:00:00Z,HL,-78,2023-03-24T10:10:00Z,LH,115
160,2023160,2023-03-24T10:10:00Z,LH,115,2023-03-24T16:20:00Z,LL,-93,2023-03-24T22:20:00Z,HH,143
161,2023161,2023-03-24T22:20:00Z,HH,143,2023-03-25T04:30:00Z,HL,-59,2023-03-25T11:00:00Z,LH,131
162,2023162,2023-03-25T11:00:00Z,LH,131,2023-03-25T16:50:00Z,LL,-66,2023-03-25T22:50:00Z,HH,142
163,2023163,2023-03-25T22:50:00Z,HH,142,2023-03-26T05:20:00Z,HL,-77,2023-03-26T11:10:00Z,LH,94
164,2023164,2023-03-26T11:10:00Z,LH,94,2023-03-26T17:30:00Z,LL,-106,2023-03-26T23:30:00Z,HH,100
165,2023165,2023-03-26T23:30:00Z,HH,100,2023-03-27T05:50:00Z,HL,-75,2023-03-27T11:30:00Z,HH,102
166,2023166,2023-03-27T11:30:00Z,HH,102,2023-03-27T18:10:00Z,LL,-84,2023-03-27T23:50:00Z,LH,78
167,2023167,2023-03-27T23:50:00Z,LH,78,2023-03-28T06:30:00Z,HL,-97,2023-03-28T12:10:00Z,HH,66
168,2023168,2023-03-28T12:10:00Z,HH,66,2023-03-28T18:30:00Z,LL,-100,2023-03-29T00:30:00Z,LH,52
169,2023169,2023-03-29T00:30:00Z,LH,52,2023-03-29T06:20:00Z,HL,-67,2023-03-29T12:50:00Z,HH,92
170,2023170,2023-03-29T12:50:00Z,HH,92,2023-03-29T19:20:00Z,LL,-72,2023-03-30T01:20:00Z,LH,50
171,2023171,2023-03-30T01:20:00Z,LH,50,2023-03-30T06:40:00Z,LL,-38,2023-03-30T13:50:00Z,HH,101
172,2023172,2023-03-30T13:50:00Z,HH,101,2023-03-30T20:40:00Z,HL,-11,2023-03-31T02:10:00Z,LH,70
173,2023173,2023-03-31T02:10:00Z,LH,70,2023-03-31T08:20:00Z,LL,-25,2023-03-31T15:30:00Z,HH,116
174,2023174,2023-03-31T15:30:00Z,HH,116,2023-03-31T22:10:00Z,HL,-8,2023-04-01T04:30:00Z,HH,83
175,2023175,2023-04-01T04:30:00Z,HH,83,2023-04-01T10:40:00Z,LL,-36,2023-04-01T17:00:00Z,LH,82
176,2023176,2023-04-01T17:00:00Z,LH,82,2023-04-02T00:10:00Z,HL,-96,2023-04-02T05:30:00Z,LH,31
177,2023177,2023-04-02T05:30:00Z,LH,31,2023-04-02T12:10:00Z,LL,-113,2023-04-02T18:00:00Z,HH,47
178,2023178,2023-04-02T18:00:00Z,HH,47,2023-04-03T01:00:00Z,LL,-139,2023-04-03T06:30:00Z,LH,36
179,2023179,2023-04-03T06:30:00Z,LH,36,2023-04-03T13:00:00Z,HL,-135,2023-04-03T19:00:00Z,HH,53
180,2023180,2023-04-03T19:00:00Z,HH,53,2023-04-04T01:40:00Z,LL,-149,2023-04-04T07:40:00Z,LH,43
181,2023181,2023-04-04T07:40:00Z,LH,43,2023-04-04T13:50:00Z,HL,-126,2023-04-04T19:40:00Z,HH,80
182,2023182,2023-04-04T19:40:00Z,HH,80,2023-04-05T02:10:00Z,LL,-127,2023-04-05T08:10:00Z,LH,61
183,2023183,2023-04-05T08:10:00Z,LH,61,2023-04-05T14:20:00Z,HL,-126,2023-04-05T20:10:00Z,HH,82
184,2023184,2023-04-05T20:10:00Z,HH,82,2023-04-06T02:50:00Z,LL,-125,2023-04-06T08:40:00Z,LH,77
185,2023185,2023-04-06T08:40:00Z,LH,77,2023-04-06T15:00:00Z,HL,-112,2023-04-06T20:40:00Z,HH,99
186,2023186,2023-04-06T20:40:00Z,HH,99,2023-04-07T03:20:00Z,HL,-105,2023-04-07T09:00:00Z,LH,90
187,2023187,2023-04-07T09:00:00Z,LH,90,2023-04-07T15:30:00Z,LL,-107,2023-04-07T21:20:00Z,HH,99
188,2023188,2023-04-07T21:20:00Z,HH,99,2023-04-08T04:00:00Z,HL,-123,2023-04-08T09:40:00Z,LH,67
189,2023189,2023-04-08T09:40:00Z,LH,67,2023-04-08T16:10:00Z,LL,-135,2023-04-08T21:50:00Z,HH,82
190,2023190,2023-04-08T21:50:00Z,HH,82,2023-04-09T04:30:00Z,HL,-125,2023-04-09T10:10:00Z,LH,72
191,2023191,2023-04-09T10:10:00Z,LH,72,2023-04-09T16:40:00Z,LL,-131,2023-04-09T22:20:00Z,HH,78
192,2023192,2023-04-09T22:20:00Z,HH,78,2023-04-10T05:00:00Z,LL,-132,2023-04-10T10:50:00Z,LH,65
193,2023193,2023-04-10T10:50:00Z,LH,65,2023-04-10T17:00:00Z,HL,-118,2023-04-10T23:20:00Z,HH,97
194,2023194,2023-04-10T23:20:00Z,HH,97,2023-04-11T05:00:00Z,HL,-56,2023-04-11T11:20:00Z,HH,137
195,2023195,2023-04-11T11:20:00Z,HH,137,2023-04-11T17:40:00Z,LL,-75,2023-04-11T23:40:00Z,LH,97
196,2023196,2023-04-11T23:40:00Z,LH,97,2023-04-12T05:50:00Z,HL,-93,2023-04-12T11:50:00Z,HH,64
197,2023197,2023-04-12T11:50:00Z,HH,64,2023-04-12T18:00:00Z,LL,-100,2023-04-13T00:30:00Z,LH,79
198,2023198,2023-04-13T00:30:00Z,LH,79,2023-04-13T06:00:00Z,HL,-33,2023-04-13T12:10:00Z,HH,119
199,2023199,2023-04-13T12:10:00Z,HH,119,2023-04-13T19:10:00Z,LL,-69,2023-04-14T01:00:00Z,LH,59
200,2023200,2023-04-14T01:00:00Z,LH,59,2023-04-14T07:20:00Z,HL,-85,2023-04-14T13:40:00Z,HH,64
201,2023201,2023-04-14T13:40:00Z,HH,64,2023-04-14T20:30:00Z,LL,-106,2023-04-15T02:50:00Z,LH,56
202,2023202,2023-04-15T02:50:00Z,LH,56,2023-04-15T08:50:00Z,HL,-68,2023-04-15T15:20:00Z,HH,81
203,2023203,2023-04-15T15:20:00Z,HH,81,2023-04-15T22:30:00Z,LL,-108,2023-04-16T04:40:00Z,LH,43
204,2023204,2023-04-16T04:40:00Z,LH,43,2023-04-16T10:50:00Z,HL,-100,2023-04-16T17:10:00Z,HH,78
205,2023205,2023-04-16T17:10:00Z,HH,78,2023-04-16T23:50:00Z,LL,-131,2023-04-17T06:00:00Z,LH,51
206,2023206,2023-04-17T06:00:00Z,LH,51,2023-04-17T12:20:00Z,HL,-112,2023-04-17T18:10:00Z,HH,82
207,2023207,2023-04-17T18:10:00Z,HH,82,2023-04-18T01:10:00Z,LL,-150,2023-04-18T06:50:00Z,LH,38
208,2023208,2023-04-18T06:50:00Z,LH,38,2023-04-18T13:20:00Z,HL,-148,2023-04-18T19:00:00Z,HH,75
209,2023209,2023-04-18T19:00:00Z,HH,75,2023-04-19T02:00:00Z,HL,-155,2023-04-19T07:40:00Z,LH,42
210,2023210,2023-04-19T07:40:00Z,LH,42,2023-04-19T14:10:00Z,LL,-156,2023-04-19T19:50:00Z,HH,78
211,2023211,2023-04-19T19:50:00Z,HH,78,2023-04-20T02:40:00Z,HL,-142,2023-04-20T08:10:00Z,LH,53
212,2023212,2023-04-20T08:10:00Z,LH,53,2023-04-20T15:00:00Z,LL,-156,2023-04-20T20:40:00Z,HH,85
213,2023213,2023-04-20T20:40:00Z,HH,85,2023-04-21T03:20:00Z,HL,-134,2023-04-21T09:10:00Z,LH,63
214,2023214,2023-04-21T09:10:00Z,LH,63,2023-04-21T15:30:00Z,LL,-137,2023-04-21T21:10:00Z,HH,95
215,2023215,2023-04-21T21:10:00Z,HH,95,2023-04-22T03:50:00Z,HL,-112,2023-04-22T09:40:00Z,LH,84
216,2023216,2023-04-22T09:40:00Z,LH,84,2023-04-22T16:10:00Z,LL,-121,2023-04-22T22:10:00Z,HH,100
217,2023217,2023-04-22T22:10:00Z,HH,100,2023-04-23T04:20:00Z,HL,-105,2023-04-23T10:20:00Z,LH,90
218,2023218,2023-04-23T10:20:00Z,LH,90,2023-04-23T16:30:00Z,LL,-115,2023-04-23T22:40:00Z,HH,93
219,2023219,2023-04-23T22:40:00Z,HH,93,2023-04-24T04:40:00Z,LL,-74,2023-04-24T10:40:00Z,HH,132
220,2023220,2023-04-24T10:40:00Z,HH,132,2023-04-24T17:10:00Z,HL,-52,2023-04-24T23:00:00Z,LH,123
221,2023221,2023-04-24T23:00:00Z,LH,123,2023-04-25T05:20:00Z,HL,-54,2023-04-25T11:20:00Z,HH,119
222,2023222,2023-04-25T11:20:00Z,HH,119,2023-04-25T17:40:00Z,LL,-74,2023-04-25T23:20:00Z,LH,73
223,2023223,2023-04-25T23:20:00Z,LH,73,2023-04-26T05:50:00Z,LL,-87,2023-04-26T12:00:00Z,HH,87
224,2023224,2023-04-26T12:00:00Z,HH,87,2023-04-26T18:10:00Z,HL,-86,2023-04-27T00:10:00Z,LH,56
225,2023225,2023-04-27T00:10:00Z,LH,56,2023-04-27T06:10:00Z,HL,-83,2023-04-27T12:10:00Z,HH,80
226,2023226,2023-04-27T12:10:00Z,HH,80,2023-04-27T19:00:00Z,LL,-96,2023-04-28T00:40:00Z,LH,17
227,2023227,2023-04-28T00:40:00Z,LH,17,2023-04-28T06:50:00Z,LL,-97,2023-04-28T13:20:00Z,HH,71
228,2023228,2023-04-28T13:20:00Z,HH,71,2023-04-28T20:00:00Z,HL,-63,2023-04-29T02:10:00Z,LH,45
229,2023229,2023-04-29T02:10:00Z,LH,45,2023-04-29T08:00:00Z,HL,-50,2023-04-29T14:40:00Z,HH,83
230,2023230,2023-04-29T14:40:00Z,HH,83,2023-04-29T21:50:00Z,LL,-86,2023-04-30T03:40:00Z,LH,31
231,2023231,2023-04-30T03:40:00Z,LH,31,2023-04-30T10:00:00Z,HL,-83,2023-04-30T16:10:00Z,HH,60
232,2023232,2023-04-30T16:10:00Z,HH,60,2023-04-30T23:10:00Z,LL,-109,2023-05-01T05:20:00Z,LH,47
233,2023233,2023-05-01T05:20:00Z,LH,47,2023-05-01T11:00:00Z,HL,-76,2023-05-01T17:20:00Z,HH,94
234,2023234,2023-05-01T17:20:00Z,HH,94,2023-05-01T23:50:00Z,LL,-78,2023-05-02T06:00:00Z,LH,67
235,2023235,2023-05-02T06:00:00Z,LH,67,2023-05-02T12:20:00Z,HL,-90,2023-05-02T18:00:00Z,HH,70
236,2023236,2023-05-02T18:00:00Z,HH,70,2023-05-03T01:00:00Z,LL,-130,2023-05-03T06:50:00Z,LH,44
237,2023237,2023-05-03T06:50:00Z,LH,44,2023-05-03T13:10:00Z,HL,-124,2023-05-03T19:00:00Z,HH,62
238,2023238,2023-05-03T19:00:00Z,HH,62,2023-05-04T01:40:00Z,LL,-144,2023-05-04T07:10:00Z,LH,46
239,2023239,2023-05-04T07:10:00Z,LH,46,2023-05-04T13:40:00Z,HL,-136,2023-05-04T19:40:00Z,HH,70
240,2023240,2023-05-04T19:40:00Z,HH,70,2023-05-05T02:10:00Z,LL,-133,2023-05-05T08:00:00Z,LH,63
241,2023241,2023-05-05T08:00:00Z,LH,63,2023-05-05T14:30:00Z,HL,-129,2023-05-05T20:10:00Z,HH,78
242,2023242,2023-05-05T20:10:00Z,HH,78,2023-05-06T02:50:00Z,LL,-130,2023-05-06T08:30:00Z,LH,68
243,2023243,2023-05-06T08:30:00Z,LH,68,2023-05-06T15:00:00Z,HL,-128,2023-05-06T20:50:00Z,HH,81
244,2023244,2023-05-06T20:50:00Z,HH,81,2023-05-07T03:30:00Z,LL,-130,2023-05-07T09:20:00Z,LH,74
245,2023245,2023-05-07T09:20:00Z,LH,74,2023-05-07T15:40:00Z,HL,-127,2023-05-07T21:30:00Z,HH,83
246,2023246,2023-05-07T21:30:00Z,HH,83,2023-05-08T04:00:00Z,HL,-120,2023-05-08T09:50:00Z,HH,80
247,2023247,2023-05-08T09:50:00Z,HH,80,2023-05-08T16:20:00Z,LL,-121,2023-05-08T22:10:00Z,LH,80
248,2023248,2023-05-08T22:10:00Z,LH,80,2023-05-09T04:30:00Z,LL,-112,2023-05-09T10:20:00Z,HH,97
249,2023249,2023-05-09T10:20:00Z,HH,97,2023-05-09T16:50:00Z,HL,-99,2023-05-09T23:00:00Z,LH,97
250,2023250,2023-05-09T23:00:00Z,LH,97,2023-05-10T05:00:00Z,HL,-82,2023-05-10T11:10:00Z,HH,110
251,2023251,2023-05-10T11:10:00Z,HH,110,2023-05-10T17:30:00Z,LL,-97,2023-05-10T23:40:00Z,LH,78
252,2023252,2023-05-10T23:40:00Z,LH,78,2023-05-11T05:50:00Z,HL,-92,2023-05-11T12:00:00Z,HH,93
253,2023253,2023-05-11T12:00:00Z,HH,93,2023-05-11T18:30:00Z,LL,-110,2023-05-12T00:30:00Z,LH,56
254,2023254,2023-05-12T00:30:00Z,LH,56,2023-05-12T06:40:00Z,HL,-96,2023-05-12T13:00:00Z,HH,80
255,2023255,2023-05-12T13:00:00Z,HH,80,2023-05-12T19:40:00Z,LL,-110,2023-05-13T01:30:00Z,LH,37
256,2023256,2023-05-13T01:30:00Z,LH,37,2023-05-13T07:30:00Z,HL,-94,2023-05-13T14:00:00Z,HH,71
257,2023257,2023-05-13T14:00:00Z,HH,71,2023-05-13T20:50:00Z,LL,-113,2023-05-14T03:00:00Z,LH,34
258,2023258,2023-05-14T03:00:00Z,LH,34,2023-05-14T08:50:00Z,HL,-94,2023-05-14T15:20:00Z,HH,83
259,2023259,2023-05-14T15:20:00Z,HH,83,2023-05-14T22:10:00Z,LL,-110,2023-05-15T04:40:00Z,LH,56
260,2023260,2023-05-15T04:40:00Z,LH,56,2023-05-15T10:20:00Z,HL,-74,2023-05-15T16:40:00Z,HH,111
261,2023261,2023-05-15T16:40:00Z,HH,111,2023-05-15T23:40:00Z,LL,-91,2023-05-16T05:30:00Z,LH,60
262,2023262,2023-05-16T05:30:00Z,LH,60,2023-05-16T11:50:00Z,HL,-98,2023-05-16T17:50:00Z,HH,101
263,2023263,2023-05-16T17:50:00Z,HH,101,2023-05-17T00:30:00Z,HL,-97,2023-05-17T06:30:00Z,LH,63
264,2023264,2023-05-17T06:30:00Z,LH,63,2023-05-17T12:50:00Z,LL,-114,2023-05-17T18:40:00Z,HH,82
265,2023265,2023-05-17T18:40:00Z,HH,82,2023-05-18T01:30:00Z,LL,-131,2023-05-18T07:10:00Z,LH,51
266,2023266,2023-05-18T07:10:00Z,LH,51,2023-05-18T13:40:00Z,HL,-129,2023-05-18T19:20:00Z,HH,84
267,2023267,2023-05-18T19:20:00Z,HH,84,2023-05-19T02:10:00Z,HL,-121,2023-05-19T08:00:00Z,LH,67
268,2023268,2023-05-19T08:00:00Z,LH,67,2023-05-19T14:20:00Z,LL,-130,2023-05-19T20:10:00Z,HH,78
269,2023269,2023-05-19T20:10:00Z,HH,78,2023-05-20T02:50:00Z,HL,-126,2023-05-20T08:30:00Z,LH,61
270,2023270,2023-05-20T08:30:00Z,LH,61,2023-05-20T15:10:00Z,LL,-143,2023-05-20T20:50:00Z,HH,65
271,2023271,2023-05-20T20:50:00Z,HH,65,2023-05-21T03:20:00Z,LL,-127,2023-05-21T09:20:00Z,HH,74
272,2023272,2023-05-21T09:20:00Z,HH,74,2023-05-21T15:50:00Z,HL,-126,2023-05-21T21:30:00Z,LH,70
273,2023273,2023-05-21T21:30:00Z,LH,70,2023-05-22T03:40:00Z,LL,-111,2023-05-22T09:40:00Z,HH,89
274,2023274,2023-05-22T09:40:00Z,HH,89,2023-05-22T16:20:00Z,HL,-110,2023-05-22T22:20:00Z,LH,75
275,2023275,2023-05-22T22:20:00Z,LH,75,2023-05-23T04:30:00Z,HL,-88,2023-05-23T10:20:00Z,HH,96
276,2023276,2023-05-23T10:20:00Z,HH,96,2023-05-23T17:00:00Z,LL,-99,2023-05-23T22:40:00Z,LH,60
277,2023277,2023-05-23T22:40:00Z,LH,60,2023-05-24T04:50:00Z,LL,-104,2023-05-24T10:50:00Z,HH,85
278,2023278,2023-05-24T10:50:00Z,HH,85,2023-05-24T17:20:00Z,HL,-101,2023-05-24T23:20:00Z,LH,58
279,2023279,2023-05-24T23:20:00Z,LH,58,2023-05-25T05:30:00Z,HL,-100,2023-05-25T11:30:00Z,HH,73
280,2023280,2023-05-25T11:30:00Z,HH,73,2023-05-25T18:20:00Z,LL,-116,2023-05-25T23:40:00Z,LH,24
281,2023281,2023-05-25T23:40:00Z,LH,24,2023-05-26T06:00:00Z,HL,-110,2023-05-26T12:10:00Z,HH,61
282,2023282,2023-05-26T12:10:00Z,HH,61,2023-05-26T19:00:00Z,LL,-113,2023-05-27T00:40:00Z,LH,12
283,2023283,2023-05-27T00:40:00Z,LH,12,2023-05-27T06:40:00Z,LL,-114,2023-05-27T12:50:00Z,HH,54
284,2023284,2023-05-27T12:50:00Z,HH,54,2023-05-27T19:40:00Z,HL,-108,2023-05-28T02:00:00Z,LH,33
285,2023285,2023-05-28T02:00:00Z,LH,33,2023-05-28T07:40:00Z,HL,-71,2023-05-28T13:40:00Z,HH,72
286,2023286,2023-05-28T13:40:00Z,HH,72,2023-05-28T20:40:00Z,LL,-104,2023-05-29T02:50:00Z,LH,10
287,2023287,2023-05-29T02:50:00Z,LH,10,2023-05-29T08:40:00Z,HL,-98,2023-05-29T15:10:00Z,HH,42
288,2023288,2023-05-29T15:10:00Z,HH,42,2023-05-29T22:00:00Z,LL,-114,2023-05-30T03:50:00Z,LH,19
289,2023289,2023-05-30T03:50:00Z,LH,19,2023-05-30T10:00:00Z,HL,-100,2023-05-30T16:30:00Z,HH,47
290,2023290,2023-05-30T16:30:00Z,HH,47,2023-05-30T23:10:00Z,LL,-125,2023-05-31T05:10:00Z,LH,35
291,2023291,2023-05-31T05:10:00Z,LH,35,2023-05-31T11:10:00Z,HL,-110,2023-05-31T17:20:00Z,HH,56
292,2023292,2023-05-31T17:20:00Z,HH,56,2023-06-01T00:00:00Z,LL,-125,2023-06-01T05:50:00Z,LH,48
293,2023293,2023-06-01T05:50:00Z,LH,48,2023-06-01T12:10:00Z,HL,-100,2023-06-01T18:20:00Z,HH,76
294,2023294,2023-06-01T18:20:00Z,HH,76,2023-06-02T00:50:00Z,LL,-111,2023-06-02T06:40:00Z,LH,60
295,2023295,2023-06-02T06:40:00Z,LH,60,2023-06-02T13:00:00Z,HL,-109,2023-06-02T19:00:00Z,HH,65
296,2023296,2023-06-02T19:00:00Z,HH,65,2023-06-03T01:30:00Z,LL,-133,2023-06-03T07:30:00Z,LH,63
297,2023297,2023-06-03T07:30:00Z,LH,63,2023-06-03T13:50:00Z,HL,-119,2023-06-03T19:40:00Z,HH,77
298,2023298,2023-06-03T19:40:00Z,HH,77,2023-06-04T02:10:00Z,HL,-121,2023-06-04T08:10:00Z,HH,75
299,2023299,2023-06-04T08:10:00Z,HH,75,2023-06-04T14:40:00Z,LL,-122,2023-06-04T20:30:00Z,LH,74
300,2023300,2023-06-04T20:30:00Z,LH,74,2023-06-05T03:00:00Z,HL,-122,2023-06-05T08:50:00Z,HH,78
301,2023301,2023-06-05T08:50:00Z,HH,78,2023-06-05T15:30:00Z,LL,-123,2023-06-05T21:10:00Z,LH,72
302,2023302,2023-06-05T21:10:00Z,LH,72,2023-06-06T03:40:00Z,HL,-118,2023-06-06T09:40:00Z,HH,84
303,2023303,2023-06-06T09:40:00Z,HH,84,2023-06-06T16:10:00Z,LL,-123,2023-06-06T22:00:00Z,LH,68
304,2023304,2023-06-06T22:00:00Z,LH,68,2023-06-07T04:20:00Z,HL,-115,2023-06-07T10:10:00Z,HH,85
305,2023305,2023-06-07T10:10:00Z,HH,85,2023-06-07T17:10:00Z,LL,-126,2023-06-07T22:50:00Z,LH,60
306,2023306,2023-06-07T22:50:00Z,LH,60,2023-06-08T05:10:00Z,HL,-108,2023-06-08T11:10:00Z,HH,87
307,2023307,2023-06-08T11:10:00Z,HH,87,2023-06-08T18:00:00Z,LL,-130,2023-06-08T23:30:00Z,LH,44
308,2023308,2023-06-08T23:30:00Z,LH,44,2023-06-09T06:00:00Z,HL,-113,2023-06-09T11:50:00Z,HH,87
309,2023309,2023-06-09T11:50:00Z,HH,87,2023-06-09T18:50:00Z,LL,-124,2023-06-10T00:30:00Z,LH,45
310,2023310,2023-06-10T00:30:00Z,LH,45,2023-06-10T06:50:00Z,HL,-108,2023-06-10T13:00:00Z,HH,92
311,2023311,2023-06-10T13:00:00Z,HH,92,2023-06-10T19:40:00Z,LL,-118,2023-06-11T01:40:00Z,LH,42
312,2023312,2023-06-11T01:40:00Z,LH,42,2023-06-11T07:40:00Z,HL,-99,2023-06-11T14:10:00Z,HH,100
313,2023313,2023-06-11T14:10:00Z,HH,100,2023-06-11T20:40:00Z,LL,-105,2023-06-12T02:30:00Z,LH,46
314,2023314,2023-06-12T02:30:00Z,LH,46,2023-06-12T08:50:00Z,HL,-96,2023-06-12T15:20:00Z,HH,96
315,2023315,2023-06-12T15:20:00Z,HH,96,2023-06-12T21:50:00Z,LL,-100,2023-06-13T03:40:00Z,LH,47
316,2023316,2023-06-13T03:40:00Z,LH,47,2023-06-13T09:50:00Z,HL,-99,2023-06-13T16:10:00Z,HH,89
317,2023317,2023-06-13T16:10:00Z,HH,89,2023-06-13T23:00:00Z,LL,-102,2023-06-14T04:50:00Z,LH,49
318,2023318,2023-06-14T04:50:00Z,LH,49,2023-06-14T11:10:00Z,HL,-109,2023-06-14T17:10:00Z,HH,82
319,2023319,2023-06-14T17:10:00Z,HH,82,2023-06-15T00:00:00Z,LL,-107,2023-06-15T05:50:00Z,LH,59
320,2023320,2023-06-15T05:50:00Z,LH,59,2023-06-15T12:10:00Z,HL,-104,2023-06-15T18:20:00Z,HH,87
321,2023321,2023-06-15T18:20:00Z,HH,87,2023-06-16T00:40:00Z,HL,-102,2023-06-16T06:50:00Z,LH,72
322,2023322,2023-06-16T06:50:00Z,LH,72,2023-06-16T13:10:00Z,LL,-105,2023-06-16T19:10:00Z,HH,87
323,2023323,2023-06-16T19:10:00Z,HH,87,2023-06-17T01:30:00Z,HL,-97,2023-06-17T07:30:00Z,HH,84
324,2023324,2023-06-17T07:30:00Z,HH,84,2023-06-17T14:00:00Z,LL,-104,2023-06-17T19:50:00Z,LH,84
325,2023325,2023-06-17T19:50:00Z,LH,84,2023-06-18T02:10:00Z,HL,-99,2023-06-18T08:10:00Z,HH,90
326,2023326,2023-06-18T08:10:00Z,HH,90,2023-06-18T14:40:00Z,LL,-104,2023-06-18T20:30:00Z,LH,80
327,2023327,2023-06-18T20:30:00Z,LH,80,2023-06-19T02:50:00Z,LL,-97,2023-06-19T08:50:00Z,HH,112
328,2023328,2023-06-19T08:50:00Z,HH,112,2023-06-19T15:20:00Z,HL,-90,2023-06-19T21:10:00Z,LH,78
329,2023329,2023-06-19T21:10:00Z,LH,78,2023-06-20T03:20:00Z,LL,-101,2023-06-20T09:30:00Z,HH,98
330,2023330,2023-06-20T09:30:00Z,HH,98,2023-06-20T15:50:00Z,HL,-94,2023-06-20T21:50:00Z,LH,87
331,2023331,2023-06-20T21:50:00Z,LH,87,2023-06-21T04:00:00Z,HL,-83,2023-06-21T10:00:00Z,HH,113
332,2023332,2023-06-21T10:00:00Z,HH,113,2023-06-21T16:40:00Z,LL,-86,2023-06-21T22:20:00Z,LH,75
333,2023333,2023-06-21T22:20:00Z,LH,75,2023-06-22T04:40:00Z,LL,-96,2023-06-22T10:40:00Z,HH,102
334,2023334,2023-06-22T10:40:00Z,HH,102,2023-06-22T17:10:00Z,HL,-90,2023-06-22T23:00:00Z,LH,68
335,2023335,2023-06-22T23:00:00Z,LH,68,2023-06-23T05:10:00Z,HL,-90,2023-06-23T11:20:00Z,HH,97
336,2023336,2023-06-23T11:20:00Z,HH,97,2023-06-23T17:50:00Z,LL,-99,2023-06-23T23:50:00Z,LH,53
337,2023337,2023-06-23T23:50:00Z,LH,53,2023-06-24T05:50:00Z,LL,-102,2023-06-24T11:50:00Z,HH,88
338,2023338,2023-06-24T11:50:00Z,HH,88,2023-06-24T18:20:00Z,HL,-92,2023-06-25T00:10:00Z,LH,51
339,2023339,2023-06-25T00:10:00Z,LH,51,2023-06-25T06:30:00Z,LL,-101,2023-06-25T12:50:00Z,HH,84
340,2023340,2023-06-25T12:50:00Z,HH,84,2023-06-25T19:10:00Z,HL,-91,2023-06-26T01:20:00Z,LH,68
341,2023341,2023-06-26T01:20:00Z,LH,68,2023-06-26T06:50:00Z,HL,-56,2023-06-26T13:20:00Z,HH,116
342,2023342,2023-06-26T13:20:00Z,HH,116,2023-06-26T19:50:00Z,LL,-63,2023-06-27T01:40:00Z,LH,66
343,2023343,2023-06-27T01:40:00Z,LH,66,2023-06-27T07:50:00Z,HL,-71,2023-06-27T14:20:00Z,HH,88
344,2023344,2023-06-27T14:20:00Z,HH,88,2023-06-27T20:40:00Z,LL,-81,2023-06-28T02:50:00Z,LH,51
345,2023345,2023-06-28T02:50:00Z,LH,51,2023-06-28T08:50:00Z,LL,-78,2023-06-28T15:20:00Z,HH,94
346,2023346,2023-06-28T15:20:00Z,HH,94,2023-06-28T21:50:00Z,HL,-72,2023-06-29T03:50:00Z,LH,72
347,2023347,2023-06-29T03:50:00Z,LH,72,2023-06-29T09:50:00Z,HL,-68,2023-06-29T16:10:00Z,HH,95
348,2023348,2023-06-29T16:10:00Z,HH,95,2023-06-29T22:50:00Z,LL,-76,2023-06-30T04:40:00Z,LH,70
349,2023349,2023-06-30T04:40:00Z,LH,70,2023-06-30T11:00:00Z,LL,-81,2023-06-30T17:20:00Z,HH,94
350,2023350,2023-06-30T17:20:00Z,HH,94,2023-06-30T23:40:00Z,HL,-73,2023-07-01T06:00:00Z,LH,90
351,2023351,2023-07-01T06:00:00Z,LH,90,2023-07-01T12:00:00Z,LL,-65,2023-07-01T18:20:00Z,HH,118
352,2023352,2023-07-01T18:20:00Z,HH,118,2023-07-02T00:40:00Z,LL,-57,2023-07-02T06:50:00Z,HH,127
353,2023353,2023-07-02T06:50:00Z,HH,127,2023-07-02T13:10:00Z,HL,-43,2023-07-02T19:10:00Z,LH,127
354,2023354,2023-07-02T19:10:00Z,LH,127,2023-07-03T01:20:00Z,HL,-61,2023-07-03T07:40:00Z,HH,124
355,2023355,2023-07-03T07:40:00Z,HH,124,2023-07-03T14:10:00Z,LL,-64,2023-07-03T20:00:00Z,LH,120
356,2023356,2023-07-03T20:00:00Z,LH,120,2023-07-04T02:20:00Z,HL,-63,2023-07-04T08:30:00Z,HH,128
357,2023357,2023-07-04T08:30:00Z,HH,128,2023-07-04T15:10:00Z,LL,-78,2023-07-04T21:10:00Z,LH,102
358,2023358,2023-07-04T21:10:00Z,LH,102,2023-07-05T03:30:00Z,LL,-102,2023-07-05T10:20:00Z,HH,132
359,2023359,2023-07-05T10:20:00Z,HH,132,2023-07-05T15:50:00Z,HL,-54,2023-07-05T21:50:00Z,LH,108
360,2023360,2023-07-05T21:50:00Z,LH,108,2023-07-06T04:10:00Z,HL,-88,2023-07-06T10:20:00Z,HH,122
361,2023361,2023-07-06T10:20:00Z,HH,122,2023-07-06T17:00:00Z,LL,-110,2023-07-06T22:40:00Z,LH,71
362,2023362,2023-07-06T22:40:00Z,LH,71,2023-07-07T05:00:00Z,HL,-116,2023-07-07T11:00:00Z,HH,100
363,2023363,2023-07-07T11:00:00Z,HH,100,2023-07-07T17:50:00Z,LL,-129,2023-07-07T23:40:00Z,LH,57
364,2023364,2023-07-07T23:40:00Z,LH,57,2023-07-08T05:50:00Z,LL,-117,2023-07-08T11:50:00Z,HH,113
365,2023365,2023-07-08T11:50:00Z,HH,113,2023-07-08T18:40:00Z,HL,-107,2023-07-09T00:30:00Z,LH,57
366,2023366,2023-07-09T00:30:00Z,LH,57,2023-07-09T06:30:00Z,LL,-110,2023-07-09T13:10:00Z,HH,117
367,2023367,2023-07-09T13:10:00Z,HH,117,2023-07-09T19:20:00Z,HL,-95,2023-07-10T01:10:00Z,LH,60
368,2023368,2023-07-10T01:10:00Z,LH,60,2023-07-10T07:20:00Z,LL,-103,2023-07-10T13:30:00Z,HH,108
369,2023369,2023-07-10T13:30:00Z,HH,108,2023-07-10T20:10:00Z,HL,-95,2023-07-11T02:20:00Z,LH,54
370,2023370,2023-07-11T02:20:00Z,LH,54,2023-07-11T08:20:00Z,LL,-102,2023-07-11T14:40:00Z,HH,106
371,2023371,2023-07-11T14:40:00Z,HH,106,2023-07-11T20:50:00Z,HL,-78,2023-07-12T03:10:00Z,LH,72
372,2023372,2023-07-12T03:10:00Z,LH,72,2023-07-12T09:10:00Z,LL,-67,2023-07-12T15:30:00Z,HH,115
373,2023373,2023-07-12T15:30:00Z,HH,115,2023-07-12T22:10:00Z,HL,-59,2023-07-13T04:00:00Z,LH,79
374,2023374,2023-07-13T04:00:00Z,LH,79,2023-07-13T10:20:00Z,HL,-68,2023-07-13T16:40:00Z,HH,100
375,2023375,2023-07-13T16:40:00Z,HH,100,2023-07-13T23:10:00Z,LL,-74,2023-07-14T05:00:00Z,LH,71
376,2023376,2023-07-14T05:00:00Z,LH,71,2023-07-14T11:40:00Z,HL,-91,2023-07-14T17:50:00Z,HH,73
377,2023377,2023-07-14T17:50:00Z,HH,73,2023-07-15T00:00:00Z,LL,-101,2023-07-15T06:20:00Z,HH,89
378,2023378,2023-07-15T06:20:00Z,HH,89,2023-07-15T12:40:00Z,HL,-82,2023-07-15T18:50:00Z,LH,87
379,2023379,2023-07-15T18:50:00Z,LH,87,2023-07-16T00:30:00Z,LL,-58,2023-07-16T07:20:00Z,HH,111
380,2023380,2023-07-16T07:20:00Z,HH,111,2023-07-16T13:30:00Z,HL,-56,2023-07-16T19:50:00Z,LH,99
381,2023381,2023-07-16T19:50:00Z,LH,99,2023-07-17T01:40:00Z,HL,-69,2023-07-17T08:00:00Z,HH,114
382,2023382,2023-07-17T08:00:00Z,HH,114,2023-07-17T14:20:00Z,LL,-78,2023-07-17T20:30:00Z,LH,90
383,2023383,2023-07-17T20:30:00Z,LH,90,2023-07-18T02:30:00Z,HL,-87,2023-07-18T08:30:00Z,HH,108
384,2023384,2023-07-18T08:30:00Z,HH,108,2023-07-18T15:10:00Z,LL,-92,2023-07-18T21:10:00Z,LH,78
385,2023385,2023-07-18T21:10:00Z,LH,78,2023-07-19T03:10:00Z,LL,-98,2023-07-19T09:10:00Z,HH,109
386,2023386,2023-07-19T09:10:00Z,HH,109,2023-07-19T15:50:00Z,HL,-83,2023-07-19T21:40:00Z,LH,88
387,2023387,2023-07-19T21:40:00Z,LH,88,2023-07-20T03:50:00Z,HL,-82,2023-07-20T09:50:00Z,HH,114
388,2023388,2023-07-20T09:50:00Z,HH,114,2023-07-20T16:20:00Z,LL,-87,2023-07-20T22:10:00Z,LH,76
389,2023389,2023-07-20T22:10:00Z,LH,76,2023-07-21T04:20:00Z,LL,-98,2023-07-21T10:30:00Z,HH,101
390,2023390,2023-07-21T10:30:00Z,HH,101,2023-07-21T16:50:00Z,HL,-87,2023-07-21T22:40:00Z,LH,76
391,2023391,2023-07-21T22:40:00Z,LH,76,2023-07-22T04:50:00Z,LL,-95,2023-07-22T11:00:00Z,HH,103
392,2023392,2023-07-22T11:00:00Z,HH,103,2023-07-22T17:20:00Z,HL,-83,2023-07-22T23:50:00Z,LH,83
393,2023393,2023-07-22T23:50:00Z,LH,83,2023-07-23T05:20:00Z,LL,-75,2023-07-23T11:40:00Z,HH,116
394,2023394,2023-07-23T11:40:00Z,HH,116,2023-07-23T17:50:00Z,HL,-64,2023-07-23T23:40:00Z,LH,87
395,2023395,2023-07-23T23:40:00Z,LH,87,2023-07-24T05:50:00Z,LL,-76,2023-07-24T12:00:00Z,HH,108
396,2023396,2023-07-24T12:00:00Z,HH,108,2023-07-24T18:20:00Z,HL,-65,2023-07-25T00:20:00Z,LH,81
397,2023397,2023-07-25T00:20:00Z,LH,81,2023-07-25T06:30:00Z,LL,-75,2023-07-25T12:40:00Z,HH,100
398,2023398,2023-07-25T12:40:00Z,HH,100,2023-07-25T19:00:00Z,HL,-68,2023-07-26T01:10:00Z,LH,75
399,2023399,2023-07-26T01:10:00Z,LH,75,2023-07-26T07:10:00Z,LL,-70,2023-07-26T13:20:00Z,HH,98
400,2023400,2023-07-26T13:20:00Z,HH,98,2023-07-26T19:40:00Z,HL,-68,2023-07-27T01:30:00Z,LH,66
401,2023401,2023-07-27T01:30:00Z,LH,66,2023-07-27T07:40:00Z,LL,-74,2023-07-27T14:20:00Z,HH,94
402,2023402,2023-07-27T14:20:00Z,HH,94,2023-07-27T20:20:00Z,HL,-54,2023-07-28T02:40:00Z,LH,78
403,2023403,2023-07-28T02:40:00Z,LH,78,2023-07-28T08:40:00Z,HL,-59,2023-07-28T15:00:00Z,HH,93
404,2023404,2023-07-28T15:00:00Z,HH,93,2023-07-28T21:30:00Z,LL,-71,2023-07-29T03:50:00Z,LH,73
405,2023405,2023-07-29T03:50:00Z,LH,73,2023-07-29T10:10:00Z,HL,-60,2023-07-29T16:30:00Z,HH,96
406,2023406,2023-07-29T16:30:00Z,HH,96,2023-07-29T22:50:00Z,LL,-60,2023-07-30T05:30:00Z,LH,102
407,2023407,2023-07-30T05:30:00Z,LH,102,2023-07-30T11:20:00Z,HL,-49,2023-07-30T18:10:00Z,HH,108
408,2023408,2023-07-30T18:10:00Z,HH,108,2023-07-31T00:10:00Z,HL,-57,2023-07-31T06:40:00Z,HH,115
409,2023409,2023-07-31T06:40:00Z,HH,115,2023-07-31T12:40:00Z,LL,-62,2023-07-31T19:30:00Z,LH,104
410,2023410,2023-07-31T19:30:00Z,LH,104,2023-08-01T01:20:00Z,LL,-71,2023-08-01T07:40:00Z,HH,127
411,2023411,2023-08-01T07:40:00Z,HH,127,2023-08-01T14:00:00Z,HL,-60,2023-08-01T20:00:00Z,LH,114
412,2023412,2023-08-01T20:00:00Z,LH,114,2023-08-02T02:20:00Z,HL,-81,2023-08-02T08:20:00Z,HH,115
413,2023413,2023-08-02T08:20:00Z,HH,115,2023-08-02T14:40:00Z,LL,-86,2023-08-02T21:00:00Z,LH,114
414,2023414,2023-08-02T21:00:00Z,LH,114,2023-08-03T02:50:00Z,HL,-63,2023-08-03T09:10:00Z,HH,153
415,2023415,2023-08-03T09:10:00Z,HH,153,2023-08-03T15:40:00Z,LL,-77,2023-08-03T21:40:00Z,LH,101
416,2023416,2023-08-03T21:40:00Z,LH,101,2023-08-04T04:00:00Z,HL,-96,2023-08-04T10:00:00Z,HH,125
417,2023417,2023-08-04T10:00:00Z,HH,125,2023-08-04T16:50:00Z,LL,-106,2023-08-04T22:30:00Z,LH,77
418,2023418,2023-08-04T22:30:00Z,LH,77,2023-08-05T04:50:00Z,LL,-114,2023-08-05T10:50:00Z,HH,114
419,2023419,2023-08-05T10:50:00Z,HH,114,2023-08-05T17:20:00Z,HL,-108,2023-08-05T23:20:00Z,LH,79
420,2023420,2023-08-05T23:20:00Z,LH,79,2023-08-06T05:30:00Z,LL,-97,2023-08-06T11:50:00Z,HH,139
421,2023421,2023-08-06T11:50:00Z,HH,139,2023-08-06T18:20:00Z,HL,-70,2023-08-07T00:00:00Z,LH,94
422,2023422,2023-08-07T00:00:00Z,LH,94,2023-08-07T06:10:00Z,LL,-80,2023-08-07T12:20:00Z,HH,136
423,2023423,2023-08-07T12:20:00Z,HH,136,2023-08-07T18:40:00Z,HL,-63,2023-08-08T00:50:00Z,LH,95
424,2023424,2023-08-08T00:50:00Z,LH,95,2023-08-08T06:40:00Z,LL,-74,2023-08-08T13:00:00Z,HH,140
425,2023425,2023-08-08T13:00:00Z,HH,140,2023-08-08T19:20:00Z,HL,-43,2023-08-09T01:20:00Z,LH,100
426,2023426,2023-08-09T01:20:00Z,LH,100,2023-08-09T07:40:00Z,LL,-59,2023-08-09T13:40:00Z,HH,124
427,2023427,2023-08-09T13:40:00Z,HH,124,2023-08-09T20:20:00Z,HL,-49,2023-08-10T01:50:00Z,HH,77
428,2023428,2023-08-10T01:50:00Z,HH,77,2023-08-10T08:30:00Z,LL,-87,2023-08-10T15:00:00Z,LH,70
429,2023429,2023-08-10T15:00:00Z,LH,70,2023-08-10T21:00:00Z,HL,-79,2023-08-11T03:10:00Z,LH,63
430,2023430,2023-08-11T03:10:00Z,LH,63,2023-08-11T09:30:00Z,LL,-82,2023-08-11T16:00:00Z,HH,68
431,2023431,2023-08-11T16:00:00Z,HH,68,2023-08-11T22:10:00Z,HL,-66,2023-08-12T04:40:00Z,HH,84
432,2023432,2023-08-12T04:40:00Z,HH,84,2023-08-12T11:00:00Z,LL,-65,2023-08-12T17:30:00Z,LH,78
433,2023433,2023-08-12T17:30:00Z,LH,78,2023-08-12T23:30:00Z,HL,-56,2023-08-13T05:50:00Z,HH,96
434,2023434,2023-08-13T05:50:00Z,HH,96,2023-08-13T12:30:00Z,LL,-68,2023-08-13T18:40:00Z,LH,81
435,2023435,2023-08-13T18:40:00Z,LH,81,2023-08-14T00:40:00Z,HL,-69,2023-08-14T06:50:00Z,HH,99
436,2023436,2023-08-14T06:50:00Z,HH,99,2023-08-14T13:30:00Z,LL,-87,2023-08-14T19:20:00Z,LH,72
437,2023437,2023-08-14T19:20:00Z,LH,72,2023-08-15T01:30:00Z,LL,-84,2023-08-15T07:40:00Z,HH,109
438,2023438,2023-08-15T07:40:00Z,HH,109,2023-08-15T14:10:00Z,HL,-74,2023-08-15T20:10:00Z,LH,89
439,2023439,2023-08-15T20:10:00Z,LH,89,2023-08-16T02:20:00Z,HL,-82,2023-08-16T08:20:00Z,HH,108
440,2023440,2023-08-16T08:20:00Z,HH,108,2023-08-16T15:00:00Z,LL,-102,2023-08-16T20:40:00Z,LH,61
441,2023441,2023-08-16T20:40:00Z,LH,61,2023-08-17T03:10:00Z,HL,-116,2023-08-17T08:50:00Z,HH,87
442,2023442,2023-08-17T08:50:00Z,HH,87,2023-08-17T15:40:00Z,LL,-116,2023-08-17T21:30:00Z,LH,59
443,2023443,2023-08-17T21:30:00Z,LH,59,2023-08-18T03:40:00Z,LL,-121,2023-08-18T09:30:00Z,HH,87
444,2023444,2023-08-18T09:30:00Z,HH,87,2023-08-18T16:00:00Z,HL,-113,2023-08-18T21:50:00Z,LH,63
445,2023445,2023-08-18T21:50:00Z,LH,63,2023-08-19T04:00:00Z,LL,-118,2023-08-19T10:10:00Z,HH,103
446,2023446,2023-08-19T10:10:00Z,HH,103,2023-08-19T16:30:00Z,HL,-95,2023-08-19T22:20:00Z,LH,70
447,2023447,2023-08-19T22:20:00Z,LH,70,2023-08-20T04:30:00Z,LL,-114,2023-08-20T10:20:00Z,HH,100
448,2023448,2023-08-20T10:20:00Z,HH,100,2023-08-20T16:50:00Z,HL,-86,2023-08-20T23:00:00Z,LH,85
449,2023449,2023-08-20T23:00:00Z,LH,85,2023-08-21T05:10:00Z,LL,-101,2023-08-21T11:00:00Z,HH,98
450,2023450,2023-08-21T11:00:00Z,HH,98,2023-08-21T17:30:00Z,HL,-98,2023-08-21T23:10:00Z,LH,74
451,2023451,2023-08-21T23:10:00Z,LH,74,2023-08-22T05:30:00Z,LL,-99,2023-08-22T11:20:00Z,HH,100
452,2023452,2023-08-22T11:20:00Z,HH,100,2023-08-22T17:50:00Z,HL,-82,2023-08-22T23:50:00Z,LH,81
453,2023453,2023-08-22T23:50:00Z,LH,81,2023-08-23T06:00:00Z,LL,-90,2023-08-23T11:50:00Z,HH,95
454,2023454,2023-08-23T11:50:00Z,HH,95,2023-08-23T18:30:00Z,HL,-88,2023-08-24T00:20:00Z,LH,67
455,2023455,2023-08-24T00:20:00Z,LH,67,2023-08-24T06:50:00Z,LL,-98,2023-08-24T12:30:00Z,HH,87
456,2023456,2023-08-24T12:30:00Z,HH,87,2023-08-24T18:40:00Z,HL,-79,2023-08-25T00:50:00Z,LH,74
457,2023457,2023-08-25T00:50:00Z,LH,74,2023-08-25T07:10:00Z,LL,-72,2023-08-25T13:20:00Z,HH,85
458,2023458,2023-08-25T13:20:00Z,HH,85,2023-08-25T19:40:00Z,HL,-69,2023-08-26T01:50:00Z,LH,73
459,2023459,2023-08-26T01:50:00Z,LH,73,2023-08-26T08:20:00Z,LL,-64,2023-08-26T14:30:00Z,HH,77
460,2023460,2023-08-26T14:30:00Z,HH,77,2023-08-26T20:40:00Z,HL,-59,2023-08-27T03:10:00Z,LH,74
461,2023461,2023-08-27T03:10:00Z,LH,74,2023-08-27T09:50:00Z,LL,-62,2023-08-27T16:30:00Z,HH,81
462,2023462,2023-08-27T16:30:00Z,HH,81,2023-08-27T22:20:00Z,HL,-48,2023-08-28T05:10:00Z,HH,96
463,2023463,2023-08-28T05:10:00Z,HH,96,2023-08-28T11:30:00Z,LL,-74,2023-08-28T17:50:00Z,LH,79
464,2023464,2023-08-28T17:50:00Z,LH,79,2023-08-29T00:10:00Z,HL,-80,2023-08-29T06:20:00Z,HH,91
465,2023465,2023-08-29T06:20:00Z,HH,91,2023-08-29T13:00:00Z,LL,-100,2023-08-29T19:00:00Z,LH,83
466,2023466,2023-08-29T19:00:00Z,LH,83,2023-08-30T01:10:00Z,HL,-77,2023-08-30T07:20:00Z,HH,122
467,2023467,2023-08-30T07:20:00Z,HH,122,2023-08-30T13:50:00Z,LL,-89,2023-08-30T19:50:00Z,LH,100
468,2023468,2023-08-30T19:50:00Z,LH,100,2023-08-31T02:10:00Z,HL,-75,2023-08-31T08:20:00Z,HH,130
469,2023469,2023-08-31T08:20:00Z,HH,130,2023-08-31T14:50:00Z,LL,-97,2023-08-31T20:40:00Z,LH,90
470,2023470,2023-08-31T20:40:00Z,LH,90,2023-09-01T03:00:00Z,HL,-98,2023-09-01T09:00:00Z,HH,127
471,2023471,2023-09-01T09:00:00Z,HH,127,2023-09-01T15:40:00Z,LL,-106,2023-09-01T21:40:00Z,LH,85
472,2023472,2023-09-01T21:40:00Z,LH,85,2023-09-02T03:50:00Z,HL,-109,2023-09-02T10:00:00Z,HH,126
473,2023473,2023-09-02T10:00:00Z,HH,126,2023-09-02T16:30:00Z,LL,-111,2023-09-02T22:10:00Z,LH,68
474,2023474,2023-09-02T22:10:00Z,LH,68,2023-09-03T04:40:00Z,LL,-130,2023-09-03T10:20:00Z,HH,114
475,2023475,2023-09-03T10:20:00Z,HH,114,2023-09-03T17:10:00Z,HL,-108,2023-09-03T23:00:00Z,LH,76
476,2023476,2023-09-03T23:00:00Z,LH,76,2023-09-04T05:30:00Z,LL,-119,2023-09-04T11:00:00Z,HH,112
477,2023477,2023-09-04T11:00:00Z,HH,112,2023-09-04T17:50:00Z,HL,-103,2023-09-04T23:30:00Z,LH,74
478,2023478,2023-09-04T23:30:00Z,LH,74,2023-09-05T05:50:00Z,LL,-111,2023-09-05T11:40:00Z,HH,107
479,2023479,2023-09-05T11:40:00Z,HH,107,2023-09-05T18:10:00Z,HL,-88,2023-09-06T00:00:00Z,LH,74
480,2023480,2023-09-06T00:00:00Z,LH,74,2023-09-06T06:20:00Z,LL,-115,2023-09-06T12:20:00Z,HH,83
481,2023481,2023-09-06T12:20:00Z,HH,83,2023-09-06T18:50:00Z,HL,-89,2023-09-07T00:30:00Z,LH,71
482,2023482,2023-09-07T00:30:00Z,LH,71,2023-09-07T07:10:00Z,LL,-97,2023-09-07T13:00:00Z,HH,75
483,2023483,2023-09-07T13:00:00Z,HH,75,2023-09-07T19:00:00Z,HL,-74,2023-09-08T01:20:00Z,HH,74
484,2023484,2023-09-08T01:20:00Z,HH,74,2023-09-08T07:40:00Z,LL,-78,2023-09-08T14:00:00Z,LH,64
485,2023485,2023-09-08T14:00:00Z,LH,64,2023-09-08T19:50:00Z,HL,-56,2023-09-09T02:30:00Z,HH,78
486,2023486,2023-09-09T02:30:00Z,HH,78,2023-09-09T09:00:00Z,LL,-65,2023-09-09T15:10:00Z,LH,52
487,2023487,2023-09-09T15:10:00Z,LH,52,2023-09-09T21:30:00Z,HL,-51,2023-09-10T03:50:00Z,HH,93
488,2023488,2023-09-10T03:50:00Z,HH,93,2023-09-10T10:50:00Z,HL,-61,2023-09-10T17:00:00Z,LH,59
489,2023489,2023-09-10T17:00:00Z,LH,59,2023-09-10T23:00:00Z,LL,-70,2023-09-11T05:40:00Z,HH,94
490,2023490,2023-09-11T05:40:00Z,HH,94,2023-09-11T12:20:00Z,HL,-71,2023-09-11T18:10:00Z,LH,75
491,2023491,2023-09-11T18:10:00Z,LH,75,2023-09-12T00:20:00Z,HL,-60,2023-09-12T06:40:00Z,HH,115
492,2023492,2023-09-12T06:40:00Z,HH,115,2023-09-12T13:10:00Z,LL,-73,2023-09-12T19:10:00Z,LH,84
493,2023493,2023-09-12T19:10:00Z,LH,84,2023-09-13T01:10:00Z,HL,-74,2023-09-13T07:20:00Z,HH,95
494,2023494,2023-09-13T07:20:00Z,HH,95,2023-09-13T14:00:00Z,LL,-90,2023-09-13T19:50:00Z,LH,68
495,2023495,2023-09-13T19:50:00Z,LH,68,2023-09-14T02:10:00Z,HL,-106,2023-09-14T08:00:00Z,HH,91
496,2023496,2023-09-14T08:00:00Z,HH,91,2023-09-14T14:40:00Z,LL,-116,2023-09-14T20:30:00Z,LH,72
497,2023497,2023-09-14T20:30:00Z,LH,72,2023-09-15T02:30:00Z,HL,-84,2023-09-15T08:40:00Z,HH,129
498,2023498,2023-09-15T08:40:00Z,HH,129,2023-09-15T15:10:00Z,LL,-85,2023-09-15T20:50:00Z,LH,81
499,2023499,2023-09-15T20:50:00Z,LH,81,2023-09-16T03:10:00Z,LL,-106,2023-09-16T09:10:00Z,HH,101
500,2023500,2023-09-16T09:10:00Z,HH,101,2023-09-16T15:30:00Z,HL,-94,2023-09-16T21:10:00Z,LH,83
501,2023501,2023-09-16T21:10:00Z,LH,83,2023-09-17T03:50:00Z,HL,-106,2023-09-17T09:30:00Z,HH,94
502,2023502,2023-09-17T09:30:00Z,HH,94,2023-09-17T16:00:00Z,LL,-106,2023-09-17T22:00:00Z,LH,75
503,2023503,2023-09-17T22:00:00Z,LH,75,2023-09-18T04:10:00Z,LL,-116,2023-09-18T10:10:00Z,LH,112
504,2023504,2023-09-18T10:10:00Z,LH,112,2023-09-18T16:20:00Z,HL,-75,2023-09-18T22:50:00Z,HH,124
505,2023505,2023-09-18T22:50:00Z,HH,124,2023-09-19T04:20:00Z,LL,-34,2023-09-19T10:30:00Z,HH,157
506,2023506,2023-09-19T10:30:00Z,HH,157,2023-09-19T16:30:00Z,HL,-22,2023-09-19T22:30:00Z,LH,124
507,2023507,2023-09-19T22:30:00Z,LH,124,2023-09-20T04:40:00Z,HL,-49,2023-09-20T10:50:00Z,HH,124
508,2023508,2023-09-20T10:50:00Z,HH,124,2023-09-20T17:10:00Z,LL,-69,2023-09-20T23:20:00Z,LH,91
509,2023509,2023-09-20T23:20:00Z,LH,91,2023-09-21T05:20:00Z,LL,-73,2023-09-21T11:40:00Z,HH,116
510,2023510,2023-09-21T11:40:00Z,HH,116,2023-09-21T17:40:00Z,HL,-69,2023-09-21T23:40:00Z,LH,106
511,2023511,2023-09-21T23:40:00Z,LH,106,2023-09-22T05:50:00Z,LL,-71,2023-09-22T12:00:00Z,HH,103
512,2023512,2023-09-22T12:00:00Z,HH,103,2023-09-22T18:10:00Z,HL,-56,2023-09-23T00:30:00Z,HH,105
513,2023513,2023-09-23T00:30:00Z,HH,105,2023-09-23T06:50:00Z,LL,-54,2023-09-23T12:50:00Z,LH,95
514,2023514,2023-09-23T12:50:00Z,LH,95,2023-09-23T19:00:00Z,HL,-53,2023-09-24T01:10:00Z,HH,87
515,2023515,2023-09-24T01:10:00Z,HH,87,2023-09-24T07:50:00Z,HL,-65,2023-09-24T14:20:00Z,LH,50
516,2023516,2023-09-24T14:20:00Z,LH,50,2023-09-24T20:30:00Z,LL,-67,2023-09-25T03:00:00Z,HH,72
517,2023517,2023-09-25T03:00:00Z,HH,72,2023-09-25T09:40:00Z,LL,-69,2023-09-25T16:10:00Z,LH,72
518,2023518,2023-09-25T16:10:00Z,LH,72,2023-09-25T22:00:00Z,HL,-39,2023-09-26T04:20:00Z,HH,123
519,2023519,2023-09-26T04:20:00Z,HH,123,2023-09-26T11:40:00Z,HL,-77,2023-09-26T17:30:00Z,LH,76
520,2023520,2023-09-26T17:30:00Z,LH,76,2023-09-26T23:50:00Z,LL,-79,2023-09-27T06:10:00Z,HH,110
521,2023521,2023-09-27T06:10:00Z,HH,110,2023-09-27T12:50:00Z,HL,-93,2023-09-27T19:00:00Z,LH,89
522,2023522,2023-09-27T19:00:00Z,LH,89,2023-09-28T00:50:00Z,HL,-90,2023-09-28T07:00:00Z,HH,119
523,2023523,2023-09-28T07:00:00Z,HH,119,2023-09-28T14:00:00Z,LL,-113,2023-09-28T19:40:00Z,LH,75
524,2023524,2023-09-28T19:40:00Z,LH,75,2023-09-29T02:00:00Z,LL,-89,2023-09-29T08:00:00Z,HH,143
525,2023525,2023-09-29T08:00:00Z,HH,143,2023-09-29T14:20:00Z,HL,-79,2023-09-29T20:30:00Z,LH,110
526,2023526,2023-09-29T20:30:00Z,LH,110,2023-09-30T02:30:00Z,HL,-73,2023-09-30T08:50:00Z,HH,155
527,2023527,2023-09-30T08:50:00Z,HH,155,2023-09-30T15:30:00Z,LL,-83,2023-09-30T21:10:00Z,LH,91
528,2023528,2023-09-30T21:10:00Z,LH,91,2023-10-01T03:30:00Z,LL,-116,2023-10-01T09:20:00Z,HH,112
529,2023529,2023-10-01T09:20:00Z,HH,112,2023-10-01T16:10:00Z,HL,-106,2023-10-01T21:50:00Z,LH,86
530,2023530,2023-10-01T21:50:00Z,LH,86,2023-10-02T04:10:00Z,LL,-102,2023-10-02T10:00:00Z,HH,137
531,2023531,2023-10-02T10:00:00Z,HH,137,2023-10-02T16:40:00Z,HL,-84,2023-10-02T22:20:00Z,LH,92
532,2023532,2023-10-02T22:20:00Z,LH,92,2023-10-03T04:30:00Z,LL,-95,2023-10-03T10:50:00Z,LH,143
533,2023533,2023-10-03T10:50:00Z,LH,143,2023-10-03T17:00:00Z,HL,-34,2023-10-03T22:50:00Z,HH,147
534,2023534,2023-10-03T22:50:00Z,HH,147,2023-10-04T05:20:00Z,HL,-55,2023-10-04T11:10:00Z,HH,127
535,2023535,2023-10-04T11:10:00Z,HH,127,2023-10-04T17:20:00Z,LL,-61,2023-10-04T23:30:00Z,LH,104
536,2023536,2023-10-04T23:30:00Z,LH,104,2023-10-05T06:00:00Z,LL,-64,2023-10-05T11:40:00Z,HH,107
537,2023537,2023-10-05T11:40:00Z,HH,107,2023-10-05T18:00:00Z,HL,-62,2023-10-06T00:10:00Z,HH,96
538,2023538,2023-10-06T00:10:00Z,HH,96,2023-10-06T06:20:00Z,LL,-67,2023-10-06T12:40:00Z,LH,81
539,2023539,2023-10-06T12:40:00Z,LH,81,2023-10-06T18:20:00Z,HL,-27,2023-10-07T00:50:00Z,HH,147
540,2023540,2023-10-07T00:50:00Z,HH,147,2023-10-07T07:00:00Z,HL,-12,2023-10-07T12:10:00Z,LH,62
541,2023541,2023-10-07T12:10:00Z,LH,62,2023-10-07T18:40:00Z,LL,-42,2023-10-08T01:40:00Z,HH,82
542,2023542,2023-10-08T01:40:00Z,HH,82,2023-10-08T08:30:00Z,HL,-51,2023-10-08T14:20:00Z,LH,33
543,2023543,2023-10-08T14:20:00Z,LH,33,2023-10-08T20:30:00Z,LL,-73,2023-10-09T03:40:00Z,HH,77
544,2023544,2023-10-09T03:40:00Z,HH,77,2023-10-09T10:20:00Z,HL,-42,2023-10-09T16:20:00Z,LH,72
545,2023545,2023-10-09T16:20:00Z,LH,72,2023-10-09T22:20:00Z,LL,-52,2023-10-10T05:10:00Z,HH,88
546,2023546,2023-10-10T05:10:00Z,HH,88,2023-10-10T11:40:00Z,LL,-88,2023-10-10T18:10:00Z,LH,66
547,2023547,2023-10-10T18:10:00Z,LH,66,2023-10-10T23:20:00Z,HL,-41,2023-10-11T06:10:00Z,HH,136
548,2023548,2023-10-11T06:10:00Z,HH,136,2023-10-11T12:50:00Z,LL,-27,2023-10-11T18:40:00Z,LH,126
549,2023549,2023-10-11T18:40:00Z,LH,126,2023-10-12T00:20:00Z,HL,-26,2023-10-12T06:40:00Z,HH,153
550,2023550,2023-10-12T06:40:00Z,HH,153,2023-10-12T13:20:00Z,LL,-61,2023-10-12T19:10:00Z,LH,75
551,2023551,2023-10-12T19:10:00Z,LH,75,2023-10-13T01:20:00Z,LL,-91,2023-10-13T07:30:00Z,LH,115
552,2023552,2023-10-13T07:30:00Z,LH,115,2023-10-13T13:40:00Z,HL,-44,2023-10-13T20:00:00Z,HH,133
553,2023553,2023-10-13T20:00:00Z,HH,133,2023-10-14T01:50:00Z,LL,-27,2023-10-14T08:00:00Z,HH,204
554,2023554,2023-10-14T08:00:00Z,HH,204,2023-10-14T14:30:00Z,HL,6,2023-10-14T20:20:00Z,LH,177
555,2023555,2023-10-14T20:20:00Z,LH,177,2023-10-15T02:30:00Z,HL,-25,2023-10-15T08:20:00Z,HH,166
556,2023556,2023-10-15T08:20:00Z,HH,166,2023-10-15T15:10:00Z,LL,-47,2023-10-15T21:00:00Z,LH,116
557,2023557,2023-10-15T21:00:00Z,LH,116,2023-10-16T03:20:00Z,HL,-83,2023-10-16T09:00:00Z,HH,106
558,2023558,2023-10-16T09:00:00Z,HH,106,2023-10-16T15:30:00Z,LL,-101,2023-10-16T21:20:00Z,LH,87
559,2023559,2023-10-16T21:20:00Z,LH,87,2023-10-17T03:40:00Z,LL,-105,2023-10-17T09:20:00Z,HH,96
560,2023560,2023-10-17T09:20:00Z,HH,96,2023-10-17T16:00:00Z,HL,-102,2023-10-17T21:30:00Z,LH,79
561,2023561,2023-10-17T21:30:00Z,LH,79,2023-10-18T04:20:00Z,HL,-123,2023-10-18T09:50:00Z,HH,63
562,2023562,2023-10-18T09:50:00Z,HH,63,2023-10-18T16:40:00Z,LL,-140,2023-10-18T22:00:00Z,LH,44
563,2023563,2023-10-18T22:00:00Z,LH,44,2023-10-19T04:10:00Z,HL,-119,2023-10-19T10:20:00Z,HH,73
564,2023564,2023-10-19T10:20:00Z,HH,73,2023-10-19T16:50:00Z,LL,-124,2023-10-19T22:40:00Z,LH,51
565,2023565,2023-10-19T22:40:00Z,LH,51,2023-10-20T05:20:00Z,LL,-162,2023-10-20T10:40:00Z,LH,-5
566,2023566,2023-10-20T10:40:00Z,LH,-5,2023-10-20T17:00:00Z,HL,-155,2023-10-20T23:50:00Z,HH,77
567,2023567,2023-10-20T23:50:00Z,HH,77,2023-10-21T05:30:00Z,LL,-73,2023-10-21T12:10:00Z,HH,94
568,2023568,2023-10-21T12:10:00Z,HH,94,2023-10-21T17:40:00Z,HL,-51,2023-10-21T23:30:00Z,LH,84
569,2023569,2023-10-21T23:30:00Z,LH,84,2023-10-22T06:10:00Z,LL,-70,2023-10-22T12:50:00Z,HH,75
570,2023570,2023-10-22T12:50:00Z,HH,75,2023-10-22T18:20:00Z,HL,-38,2023-10-23T00:50:00Z,HH,126
571,2023571,2023-10-23T00:50:00Z,HH,126,2023-10-23T07:50:00Z,HL,-51,2023-10-23T13:50:00Z,LH,64
572,2023572,2023-10-23T13:50:00Z,LH,64,2023-10-23T20:20:00Z,LL,-67,2023-10-24T02:40:00Z,HH,81
573,2023573,2023-10-24T02:40:00Z,HH,81,2023-10-24T09:20:00Z,LL,-72,2023-10-24T16:00:00Z,LH,81
574,2023574,2023-10-24T16:00:00Z,LH,81,2023-10-24T21:50:00Z,HL,-26,2023-10-25T04:00:00Z,HH,134
575,2023575,2023-10-25T04:00:00Z,HH,134,2023-10-25T11:10:00Z,LL,-69,2023-10-25T17:30:00Z,LH,83
576,2023576,2023-10-25T17:30:00Z,LH,83,2023-10-25T23:20:00Z,HL,-63,2023-10-26T05:40:00Z,HH,129
577,2023577,2023-10-26T05:40:00Z,HH,129,2023-10-26T12:20:00Z,LL,-93,2023-10-26T18:20:00Z,LH,73
578,2023578,2023-10-26T18:20:00Z,LH,73,2023-10-27T00:30:00Z,LL,-101,2023-10-27T06:40:00Z,HH,117
579,2023579,2023-10-27T06:40:00Z,HH,117,2023-10-27T13:10:00Z,HL,-89,2023-10-27T19:10:00Z,LH,91
580,2023580,2023-10-27T19:10:00Z,LH,91,2023-10-28T01:20:00Z,LL,-90,2023-10-28T07:30:00Z,HH,135
581,2023581,2023-10-28T07:30:00Z,HH,135,2023-10-28T13:50:00Z,HL,-77,2023-10-28T19:40:00Z,LH,95
582,2023582,2023-10-28T19:40:00Z,LH,95,2023-10-29T02:00:00Z,LL,-106,2023-10-29T08:10:00Z,HH,146
583,2023583,2023-10-29T08:10:00Z,HH,146,2023-10-29T14:40:00Z,HL,-55,2023-10-29T20:40:00Z,LH,122
584,2023584,2023-10-29T20:40:00Z,LH,122,2023-10-30T02:50:00Z,HL,-51,2023-10-30T08:50:00Z,HH,162
585,2023585,2023-10-30T08:50:00Z,HH,162,2023-10-30T15:20:00Z,LL,-62,2023-10-30T21:20:00Z,LH,123
586,2023586,2023-10-30T21:20:00Z,LH,123,2023-10-31T03:30:00Z,LL,-78,2023-10-31T09:40:00Z,HH,140
587,2023587,2023-10-31T09:40:00Z,HH,140,2023-10-31T15:50:00Z,HL,-66,2023-10-31T21:50:00Z,LH,122
588,2023588,2023-10-31T21:50:00Z,LH,122,2023-11-01T04:20:00Z,LL,-86,2023-11-01T10:10:00Z,LH,117
589,2023589,2023-11-01T10:10:00Z,LH,117,2023-11-01T16:10:00Z,HL,-62,2023-11-01T22:20:00Z,HH,126
590,2023590,2023-11-01T22:20:00Z,HH,126,2023-11-02T05:00:00Z,LL,-86,2023-11-02T11:40:00Z,LH,82
591,2023591,2023-11-02T11:40:00Z,LH,82,2023-11-02T16:00:00Z,HL,8,2023-11-02T22:40:00Z,HH,148
592,2023592,2023-11-02T22:40:00Z,HH,148,2023-11-03T04:50:00Z,HL,12,2023-11-03T10:50:00Z,HH,162
593,2023593,2023-11-03T10:50:00Z,HH,162,2023-11-03T17:10:00Z,LL,-2,2023-11-03T23:00:00Z,LH,159
594,2023594,2023-11-03T23:00:00Z,LH,159,2023-11-04T05:40:00Z,HL,-34,2023-11-04T11:30:00Z,HH,96
595,2023595,2023-11-04T11:30:00Z,HH,96,2023-11-04T17:30:00Z,LL,-45,2023-11-05T00:10:00Z,HH,143
596,2023596,2023-11-05T00:10:00Z,HH,143,2023-11-05T06:20:00Z,LL,-3,2023-11-05T12:10:00Z,LH,120
597,2023597,2023-11-05T12:10:00Z,LH,120,2023-11-05T17:50:00Z,HL,31,2023-11-06T00:20:00Z,HH,157
598,2023598,2023-11-06T00:20:00Z,HH,157,2023-11-06T07:30:00Z,LL,-3,2023-11-06T14:00:00Z,LH,96
599,2023599,2023-11-06T14:00:00Z,LH,96,2023-11-06T19:50:00Z,HL,5,2023-11-07T02:20:00Z,HH,133
600,2023600,2023-11-07T02:20:00Z,HH,133,2023-11-07T09:10:00Z,LL,-15,2023-11-07T15:10:00Z,LH,85
601,2023601,2023-11-07T15:10:00Z,LH,85,2023-11-07T21:10:00Z,HL,-8,2023-11-08T03:50:00Z,HH,129
602,2023602,2023-11-08T03:50:00Z,HH,129,2023-11-08T10:30:00Z,HL,-34,2023-11-08T16:50:00Z,LH,87
603,2023603,2023-11-08T16:50:00Z,LH,87,2023-11-08T22:50:00Z,LL,-35,2023-11-09T05:10:00Z,HH,127
604,2023604,2023-11-09T05:10:00Z,HH,127,2023-11-09T11:30:00Z,LL,-31,2023-11-09T17:40:00Z,LH,126
605,2023605,2023-11-09T17:40:00Z,LH,126,2023-11-09T23:40:00Z,HL,-25,2023-11-10T06:00:00Z,HH,144
606,2023606,2023-11-10T06:00:00Z,HH,144,2023-11-10T12:20:00Z,LL,-46,2023-11-10T18:30:00Z,LH,118
607,2023607,2023-11-10T18:30:00Z,LH,118,2023-11-11T00:20:00Z,HL,-42,2023-11-11T06:40:00Z,HH,136
608,2023608,2023-11-11T06:40:00Z,HH,136,2023-11-11T13:00:00Z,LL,-70,2023-11-11T19:00:00Z,LH,102
609,2023609,2023-11-11T19:00:00Z,LH,102,2023-11-12T01:20:00Z,HL,-84,2023-11-12T07:30:00Z,HH,111
610,2023610,2023-11-12T07:30:00Z,HH,111,2023-11-12T13:40:00Z,LL,-90,2023-11-12T19:40:00Z,LH,98
611,2023611,2023-11-12T19:40:00Z,LH,98,2023-11-13T01:50:00Z,HL,-91,2023-11-13T07:50:00Z,LH,102
612,2023612,2023-11-13T07:50:00Z,LH,102,2023-11-13T13:50:00Z,LL,-97,2023-11-13T20:40:00Z,HH,136
613,2023613,2023-11-13T20:40:00Z,HH,136,2023-11-14T02:10:00Z,HL,8,2023-11-14T08:20:00Z,HH,182
614,2023614,2023-11-14T08:20:00Z,HH,182,2023-11-14T14:40:00Z,LL,-47,2023-11-14T20:40:00Z,LH,133
615,2023615,2023-11-14T20:40:00Z,LH,133,2023-11-15T02:50:00Z,LL,-64,2023-11-15T09:10:00Z,LH,125
616,2023616,2023-11-15T09:10:00Z,LH,125,2023-11-15T15:20:00Z,HL,-60,2023-11-15T21:40:00Z,HH,129
617,2023617,2023-11-15T21:40:00Z,HH,129,2023-11-16T03:50:00Z,HL,-81,2023-11-16T09:40:00Z,HH,101
618,2023618,2023-11-16T09:40:00Z,HH,101,2023-11-16T16:00:00Z,LL,-105,2023-11-16T22:00:00Z,LH,95
619,2023619,2023-11-16T22:00:00Z,LH,95,2023-11-17T04:30:00Z,LL,-99,2023-11-17T10:30:00Z,LH,93
620,2023620,2023-11-17T10:30:00Z,LH,93,2023-11-17T16:40:00Z,HL,-90,2023-11-17T22:30:00Z,HH,102
621,2023621,2023-11-17T22:30:00Z,HH,102,2023-11-18T05:20:00Z,HL,-104,2023-11-18T10:50:00Z,LH,64
622,2023622,2023-11-18T10:50:00Z,LH,64,2023-11-18T17:30:00Z,LL,-122,2023-11-18T23:50:00Z,HH,77
623,2023623,2023-11-18T23:50:00Z,HH,77,2023-11-19T05:30:00Z,LL,-64,2023-11-19T12:00:00Z,LH,107
624,2023624,2023-11-19T12:00:00Z,LH,107,2023-11-19T17:40:00Z,HL,-24,2023-11-19T23:50:00Z,HH,152
625,2023625,2023-11-19T23:50:00Z,HH,152,2023-11-20T06:40:00Z,HL,-33,2023-11-20T12:40:00Z,LH,84
626,2023626,2023-11-20T12:40:00Z,LH,84,2023-11-20T18:30:00Z,LL,-52,2023-11-21T01:20:00Z,HH,113
627,2023627,2023-11-21T01:20:00Z,HH,113,2023-11-21T08:00:00Z,HL,-89,2023-11-21T14:00:00Z,LH,39
628,2023628,2023-11-21T14:00:00Z,LH,39,2023-11-21T20:30:00Z,LL,-94,2023-11-22T02:40:00Z,HH,75
629,2023629,2023-11-22T02:40:00Z,HH,75,2023-11-22T09:20:00Z,LL,-116,2023-11-22T16:00:00Z,LH,54
630,2023630,2023-11-22T16:00:00Z,LH,54,2023-11-22T21:30:00Z,HL,-48,2023-11-23T04:00:00Z,HH,154
631,2023631,2023-11-23T04:00:00Z,HH,154,2023-11-23T10:40:00Z,LL,-24,2023-11-23T16:40:00Z,LH,153
632,2023632,2023-11-23T16:40:00Z,LH,153,2023-11-23T22:40:00Z,HL,17,2023-11-24T05:00:00Z,HH,226
633,2023633,2023-11-24T05:00:00Z,HH,226,2023-11-24T12:10:00Z,LL,23,2023-11-24T18:10:00Z,LH,202
634,2023634,2023-11-24T18:10:00Z,LH,202,2023-11-25T00:10:00Z,HL,10,2023-11-25T06:00:00Z,HH,175
635,2023635,2023-11-25T06:00:00Z,HH,175,2023-11-25T12:30:00Z,LL,-47,2023-11-25T18:40:00Z,LH,106
636,2023636,2023-11-25T18:40:00Z,LH,106,2023-11-26T01:10:00Z,HL,-89,2023-11-26T06:50:00Z,HH,123
637,2023637,2023-11-26T06:50:00Z,HH,123,2023-11-26T13:30:00Z,LL,-100,2023-11-26T19:30:00Z,LH,95
638,2023638,2023-11-26T19:30:00Z,LH,95,2023-11-27T01:50:00Z,LL,-99,2023-11-27T08:00:00Z,HH,130
639,2023639,2023-11-27T08:00:00Z,HH,130,2023-11-27T14:10:00Z,HL,-93,2023-11-27T19:50:00Z,LH,87
640,2023640,2023-11-27T19:50:00Z,LH,87,2023-11-28T02:30:00Z,LL,-117,2023-11-28T08:30:00Z,LH,96
641,2023641,2023-11-28T08:30:00Z,LH,96,2023-11-28T14:50:00Z,HL,-94,2023-11-28T20:50:00Z,HH,130
642,2023642,2023-11-28T20:50:00Z,HH,130,2023-11-29T03:30:00Z,HL,-55,2023-11-29T09:10:00Z,HH,121
643,2023643,2023-11-29T09:10:00Z,HH,121,2023-11-29T15:20:00Z,LL,-82,2023-11-29T21:10:00Z,LH,113
644,2023644,2023-11-29T21:10:00Z,LH,113,2023-11-30T04:00:00Z,LL,-104,2023-11-30T10:00:00Z,LH,89
645,2023645,2023-11-30T10:00:00Z,LH,89,2023-11-30T16:10:00Z,HL,-93,2023-11-30T21:50:00Z,HH,106
646,2023646,2023-11-30T21:50:00Z,HH,106,2023-12-01T04:40:00Z,HL,-100,2023-12-01T10:20:00Z,LH,74
647,2023647,2023-12-01T10:20:00Z,LH,74,2023-12-01T16:40:00Z,LL,-100,2023-12-01T22:40:00Z,HH,104
648,2023648,2023-12-01T22:40:00Z,HH,104,2023-12-02T05:10:00Z,HL,-84,2023-12-02T11:00:00Z,LH,77
649,2023649,2023-12-02T11:00:00Z,LH,77,2023-12-02T17:00:00Z,LL,-84,2023-12-02T23:10:00Z,HH,111
650,2023650,2023-12-02T23:10:00Z,HH,111,2023-12-03T05:50:00Z,LL,-81,2023-12-03T11:40:00Z,LH,64
651,2023651,2023-12-03T11:40:00Z,LH,64,2023-12-03T17:40:00Z,HL,-79,2023-12-03T23:50:00Z,HH,89
652,2023652,2023-12-03T23:50:00Z,HH,89,2023-12-04T06:10:00Z,HL,-72,2023-12-04T12:00:00Z,LH,48
653,2023653,2023-12-04T12:00:00Z,LH,48,2023-12-04T18:10:00Z,LL,-84,2023-12-05T00:40:00Z,HH,80
654,2023654,2023-12-05T00:40:00Z,HH,80,2023-12-05T07:00:00Z,LL,-76,2023-12-05T13:10:00Z,LH,45
655,2023655,2023-12-05T13:10:00Z,LH,45,2023-12-05T19:10:00Z,HL,-72,2023-12-06T01:30:00Z,HH,85
656,2023656,2023-12-06T01:30:00Z,HH,85,2023-12-06T08:10:00Z,HL,-72,2023-12-06T14:30:00Z,LH,46
657,2023657,2023-12-06T14:30:00Z,LH,46,2023-12-06T20:30:00Z,LL,-73,2023-12-07T02:40:00Z,HH,88
658,2023658,2023-12-07T02:40:00Z,HH,88,2023-12-07T09:10:00Z,HL,-77,2023-12-07T15:00:00Z,LH,35
659,2023659,2023-12-07T15:00:00Z,LH,35,2023-12-07T21:30:00Z,LL,-107,2023-12-08T04:10:00Z,LH,48
660,2023660,2023-12-08T04:10:00Z,LH,48,2023-12-08T10:00:00Z,LL,-108,2023-12-08T16:30:00Z,HH,56
661,2023661,2023-12-08T16:30:00Z,HH,56,2023-12-08T22:20:00Z,HL,-56,2023-12-09T05:00:00Z,HH,106
662,2023662,2023-12-09T05:00:00Z,HH,106,2023-12-09T11:20:00Z,LL,-75,2023-12-09T17:40:00Z,LH,64
663,2023663,2023-12-09T17:40:00Z,LH,64,2023-12-09T23:10:00Z,HL,-34,2023-12-10T06:10:00Z,HH,178
664,2023664,2023-12-10T06:10:00Z,HH,178,2023-12-10T12:20:00Z,LL,-7,2023-12-10T17:40:00Z,LH,114
665,2023665,2023-12-10T17:40:00Z,LH,114,2023-12-11T00:00:00Z,LL,-42,2023-12-11T06:50:00Z,HH,140
666,2023666,2023-12-11T06:50:00Z,HH,140,2023-12-11T12:50:00Z,HL,-40,2023-12-11T18:50:00Z,LH,137
667,2023667,2023-12-11T18:50:00Z,LH,137,2023-12-12T01:20:00Z,HL,-64,2023-12-12T07:10:00Z,HH,111
668,2023668,2023-12-12T07:10:00Z,HH,111,2023-12-12T13:40:00Z,LL,-100,2023-12-12T19:50:00Z,LH,96
669,2023669,2023-12-12T19:50:00Z,LH,96,2023-12-13T01:50:00Z,LL,-83,2023-12-13T08:10:00Z,HH,115
670,2023670,2023-12-13T08:10:00Z,HH,115,2023-12-13T14:20:00Z,HL,-80,2023-12-13T20:30:00Z,LH,107
671,2023671,2023-12-13T20:30:00Z,LH,107,2023-12-14T02:50:00Z,HL,-97,2023-12-14T08:40:00Z,LH,88
672,2023672,2023-12-14T08:40:00Z,LH,88,2023-12-14T15:00:00Z,LL,-109,2023-12-14T21:10:00Z,HH,111
673,2023673,2023-12-14T21:10:00Z,HH,111,2023-12-15T03:40:00Z,HL,-81,2023-12-15T09:30:00Z,LH,107
674,2023674,2023-12-15T09:30:00Z,LH,107,2023-12-15T15:50:00Z,LL,-90,2023-12-15T22:00:00Z,HH,115
675,2023675,2023-12-15T22:00:00Z,HH,115,2023-12-16T04:30:00Z,LL,-101,2023-12-16T10:30:00Z,LH,90
676,2023676,2023-12-16T10:30:00Z,LH,90,2023-12-16T16:30:00Z,HL,-75,2023-12-16T22:50:00Z,HH,136
677,2023677,2023-12-16T22:50:00Z,HH,136,2023-12-17T05:10:00Z,LL,-72,2023-12-17T11:10:00Z,LH,98
678,2023678,2023-12-17T11:10:00Z,LH,98,2023-12-17T17:30:00Z,HL,-67,2023-12-17T23:30:00Z,HH,135
679,2023679,2023-12-17T23:30:00Z,HH,135,2023-12-18T06:00:00Z,HL,-61,2023-12-18T12:10:00Z,LH,102
680,2023680,2023-12-18T12:10:00Z,LH,102,2023-12-18T18:00:00Z,LL,-63,2023-12-19T00:20:00Z,HH,133
681,2023681,2023-12-19T00:20:00Z,HH,133,2023-12-19T07:00:00Z,HL,-56,2023-12-19T13:00:00Z,LH,104
682,2023682,2023-12-19T13:00:00Z,LH,104,2023-12-19T18:40:00Z,LL,-61,2023-12-20T01:20:00Z,HH,151
683,2023683,2023-12-20T01:20:00Z,HH,151,2023-12-20T07:20:00Z,HL,-3,2023-12-20T13:40:00Z,LH,129
684,2023684,2023-12-20T13:40:00Z,LH,129,2023-12-20T19:30:00Z,LL,-12,2023-12-21T01:40:00Z,LH,149
685,2023685,2023-12-21T01:40:00Z,LH,149,2023-12-21T08:40:00Z,LL,-10,2023-12-21T15:20:00Z,HH,171
686,2023686,2023-12-21T15:20:00Z,HH,171,2023-12-21T20:30:00Z,HL,105,2023-12-22T01:40:00Z,HH,277
687,2023687,2023-12-22T01:40:00Z,HH,277,2023-12-22T10:20:00Z,HL,6,2023-12-22T16:00:00Z,LH,115
688,2023688,2023-12-22T16:00:00Z,LH,115,2023-12-22T22:10:00Z,LL,-31,2023-12-23T04:50:00Z,HH,172
689,2023689,2023-12-23T04:50:00Z,HH,172,2023-12-23T11:00:00Z,HL,-10,2023-12-23T17:00:00Z,LH,114
690,2023690,2023-12-23T17:00:00Z,LH,114,2023-12-23T23:10:00Z,LL,-37,2023-12-24T05:30:00Z,LH,137
691,2023691,2023-12-24T05:30:00Z,LH,137,2023-12-24T11:30:00Z,HL,-34,2023-12-24T18:30:00Z,HH,147
692,2023692,2023-12-24T18:30:00Z,HH,147,2023-12-25T00:10:00Z,HL,-5,2023-12-25T06:10:00Z,HH,200
693,2023693,2023-12-25T06:10:00Z,HH,200,2023-12-25T13:00:00Z,LL,-14,2023-12-25T18:30:00Z,LH,142
694,2023694,2023-12-25T18:30:00Z,LH,142,2023-12-26T01:00:00Z,LL,-60,2023-12-26T07:30:00Z,LH,134
695,2023695,2023-12-26T07:30:00Z,LH,134,2023-12-26T13:50:00Z,HL,-34,2023-12-26T19:30:00Z,HH,143
696,2023696,2023-12-26T19:30:00Z,HH,143,2023-12-27T02:20:00Z,HL,-77,2023-12-27T08:10:00Z,HH,88
697,2023697,2023-12-27T08:10:00Z,HH,88,2023-12-27T14:30:00Z,LL,-128,2023-12-27T20:50:00Z,LH,52
698,2023698,2023-12-27T20:50:00Z,LH,52,2023-12-28T02:40:00Z,LL,-116,2023-12-28T09:20:00Z,LH,69
699,2023699,2023-12-28T09:20:00Z,LH,69,2023-12-28T14:50:00Z,HL,-62,2023-12-28T21:10:00Z,HH,165
700,2023700,2023-12-28T21:10:00Z,HH,165,2023-12-29T03:20:00Z,HL,-20,2023-12-29T09:10:00Z,LH,144
701,2023701,2023-12-29T09:10:00Z,LH,144,2023-12-29T15:40:00Z,LL,-25,2023-12-29T21:50:00Z,HH,181
702,2023702,2023-12-29T21:50:00Z,HH,181,2023-12-30T04:10:00Z,HL,-16,2023-12-30T09:50:00Z,HH,126
703,2023703,2023-12-30T09:50:00Z,HH,126,2023-12-30T16:20:00Z,LL,-75,2023-12-30T22:20:00Z,LH,116
704,2023704,2023-12-30T22:20:00Z,LH,116,2023-12-31T05:00:00Z,LL,-104,2023-12-31T10:50:00Z,LH,45
705,2023705,2023-12-31T10:50:00Z,LH,45,2023-12-31T16:20:00Z,HL,-78,2023-12-31T22:50:00Z,HH,129
706,2023706,2023-12-31T22:50:00Z,HH,129,2024-01-01T05:00:00Z,HL,-17,2024-01-01T11:20:00Z,HH,136
